일시,홈,어웨이,스코어,홈결과,득점명단
2026-04-26 4:00,kingdom21,조바리안,2_4,패,"kingdom21_290200104(1골), kingdom21_851251421(1골), 조바리안_840001201(1골), 조바리안_852190042(2골), 조바리안_851261865(1골)"
2026-04-26 3:48,kingdom21,조바리안,0_2,패,"조바리안_845198219(1골), 조바리안_840001201(1골)"
2026-04-26 1:39,UNIT,조바리안,7_6,승,"UNIT_844228093(5골), UNIT_284191189(1골), UNIT_845001419(1골), 조바리안_845198219(2골), 조바리안_852190042(2골), 조바리안_835171877(1골), 조바리안_846192985(1골)"
2026-04-26 1:24,UNIT,조바리안,2_6,패,"UNIT_844228093(1골), UNIT_284191189(1골), 조바리안_852190042(3골), 조바리안_840001201(1골), 조바리안_846192985(2골)"
2026-04-26 1:12,UNIT,조바리안,5_2,승,"UNIT_844228093(4골), UNIT_829216352(1골), 조바리안_845198219(1골), 조바리안_846192985(1골)"
2026-04-26 1:01,UNIT,조바리안,1_3,패,"UNIT_829216352(1골), 조바리안_852190042(1골), 조바리안_846192985(2골)"
2026-04-25 13:34,검정소,Voor,4_7,패,"검정소_858081644(1골), 검정소_855241084(1골), 검정소_855202126(2골), Voor_848170890(1골), Voor_840202884(1골), Voor_851243580(1골), Voor_844243630(2골), Voor_827006235(2골)"
2026-04-25 13:22,검정소,Voor,3_4,패,"검정소_852189596(2골), 검정소_855241084(1골), Voor_851243580(2골), Voor_848170890(1골), Voor_844243630(1골)"
2026-04-25 12:51,검정소,ZD장인지참치,2_4,패,"검정소_855202126(1골), 검정소_852189596(1골), ZD장인지참치_840247263(1골), ZD장인지참치_840191208(3골)"
2026-04-25 12:41,검정소,ZD장인지참치,1_2,패,"검정소_855241084(1골), ZD장인지참치_836256630(1골), ZD장인지참치_840199503(1골)"
2026-04-25 12:32,아들러,조바리안,3_3,무,"아들러_855232639(1골), 아들러_289191208(2골), 조바리안_835171877(2골), 조바리안_852190042(1골)"
2026-04-25 10:23,검정소,아들러,2_1,승,"검정소_855241084(1골), 검정소_855202126(1골), 아들러_289191208(1골)"
2026-04-25 10:11,검정소,아들러,2_3,패,"검정소_855202126(2골), 아들러_851257278(1골), 아들러_825232432(1골), 아들러_848192318(1골)"
2026-04-25 7:23,Eve올로,Voor,0_6,패,"Voor_851243580(3골), Voor_844243630(3골)"
2026-04-25 7:10,Eve올로,Voor,2_4,패,"Eve올로_851242964(1골), Eve올로_270237386(1골), Voor_844243630(2골), Voor_851243580(1골), Voor_851277954(1골)"
2026-04-25 6:58,Eve올로,Voor,0_0,패,
2026-04-25 6:43,UNIT,Voor,3_6,패,"UNIT_821007512(1골), UNIT_844228093(2골), Voor_844243630(1골), Voor_851243580(2골), Voor_851277954(3골)"
2026-04-25 6:30,UNIT,Voor,6_3,승,"UNIT_848210406(1골), UNIT_844228093(5골), Voor_851243580(1골), Voor_844243630(2골)"
2026-04-25 6:18,UNIT,Voor,6_None,승,"UNIT_848210406(1골), UNIT_284191189(1골), UNIT_844228093(4골)"
2026-04-25 6:08,UNIT,Voor,0_0,패,
2026-04-25 5:57,아들러,Voor,3_4,패,"아들러_840229752(1골), 아들러_825232432(1골), 아들러_289191208(1골), Voor_844243630(2골), Voor_852238744(1골), Voor_851243580(1골)"
2026-04-25 5:43,아들러,Voor,1_4,패,"아들러_289191208(1골), Voor_856261050(1골), Voor_851243580(1골), Voor_848170890(1골), Voor_844243630(1골)"
2026-04-23 15:02,Gucci박장군,Special블루,0_4,패,Special블루_844192123(4골)
2026-04-23 14:51,Gucci박장군,Special블루,3_2,승,"Gucci박장군_827005471(2골), Gucci박장군_101031432(1골), Special블루_855247851(1골), Special블루_851257470(1골)"
2026-04-23 13:48,UNIT,Gucci박장군,4_1,승,"UNIT_844228093(4골), Gucci박장군_101031432(1골)"
2026-04-23 13:36,UNIT,Gucci박장군,5_0,승,"UNIT_848210406(2골), UNIT_844228093(3골)"
2026-04-23 13:20,UNIT,ZD장인지참치,5_1,승,"UNIT_844228093(4골), UNIT_840192883(1골), ZD장인지참치_836256630(1골)"
2026-04-23 13:08,UNIT,ZD장인지참치,3_2,승,"UNIT_840192883(1골), UNIT_844228093(1골), UNIT_284191189(1골), ZD장인지참치_840213331(2골)"
2026-04-23 12:53,Angel코레아,UNIT,0_4,패,"UNIT_829216352(1골), UNIT_844228093(3골)"
2026-04-23 12:29,Angel코레아,ZD장인지참치,4_4,무,"Angel코레아_846214997(2골), Angel코레아_848216549(2골), ZD장인지참치_836256630(1골), ZD장인지참치_840191208(3골)"
2026-04-23 12:17,Angel코레아,ZD장인지참치,4_1,승,"Angel코레아_840230899(1골), Angel코레아_834194765(3골), ZD장인지참치_840191208(1골)"
2026-04-23 12:04,Angel코레아,UNIT,1_2,무,"Angel코레아_834194765(1골), UNIT_840192883(1골), UNIT_844228093(1골)"
2026-04-23 11:51,Angel코레아,UNIT,4_3,승,"Angel코레아_834194765(3골), Angel코레아_852233486(1골), UNIT_821007512(3골)"
2026-04-23 11:21,Gucci박장군,ZD장인지참치,2_3,패,"Gucci박장군_101031432(1골), Gucci박장군_827005471(1골), ZD장인지참치_836256630(1골), ZD장인지참치_840191208(2골)"
2026-04-22 14:11,Angel코레아,아들러,1_3,패,"Angel코레아_840230899(1골), 아들러_840221363(1골), 아들러_851233301(1골), 아들러_289191208(1골)"
2026-04-22 14:00,Angel코레아,아들러,2_3,패,"Angel코레아_852233486(1골), Angel코레아_840230899(1골), 아들러_265204529(1골), 아들러_855232639(1골), 아들러_289191208(1골)"
2026-04-22 13:56,ZD장인흥미니7,Voor,0_8,패,"Voor_851243580(3골), Voor_851277954(2골), Voor_844243630(2골), Voor_827006235(1골)"
2026-04-22 13:48,Angel코레아,아들러,1_2,패,"Angel코레아_846214997(1골), 아들러_851233301(1골), 아들러_289191208(1골)"
2026-04-22 13:44,ZD장인흥미니7,Voor,0_9,패,"Voor_851243580(5골), Voor_844243630(3골), Voor_827006235(1골)"
2026-04-22 13:32,Angel코레아,Voor,2_4,패,"Angel코레아_848216549(2골), Voor_827006235(1골), Voor_844243630(1골), Voor_851243580(2골)"
2026-04-22 13:21,ZD장인흥미니7,chilishake,1_4,패,"ZD장인흥미니7_814020801(1골), chilishake_846192505(2골), chilishake_839013383(1골), chilishake_818180930(1골)"
2026-04-22 13:20,Angel코레아,Voor,0_4,패,"Voor_848170890(1골), Voor_844243630(2골), Voor_827006235(1골)"
2026-04-22 13:03,ZD장인지참치,Voor,6_2,승,"ZD장인지참치_834210035(1골), ZD장인지참치_840191208(3골), ZD장인지참치_836256630(1골), ZD장인지참치_836200104(1골), Voor_844243630(1골), Voor_827006235(1골)"
2026-04-22 13:01,Angel코레아,chilishake,4_0,승,"Angel코레아_846214997(1골), Angel코레아_848216549(2골), Angel코레아_834194765(1골)"
2026-04-22 12:50,Angel코레아,chilishake,3_1,승,"Angel코레아_846214997(2골), Angel코레아_852233486(1골), chilishake_818180930(1골)"
2026-04-22 12:49,ZD장인지참치,Voor,3_3,무,"ZD장인지참치_851240740(1골), ZD장인지참치_840191208(1골), ZD장인지참치_840213331(1골), Voor_827006235(1골), Voor_851243580(2골)"
2026-04-22 12:31,chilishake,ZD장인지참치,3_4,패,"chilishake_818180930(1골), chilishake_846192505(1골), chilishake_850005003(1골), ZD장인지참치_836256630(4골)"
2026-04-22 12:19,chilishake,ZD장인지참치,4_2,승,"chilishake_818180930(1골), chilishake_848209331(2골), chilishake_851250723(1골), ZD장인지참치_840191208(2골)"
2026-04-22 10:55,Eve올로,Voor,2_4,패,"Eve올로_851244380(1골), Eve올로_845211575(1골), Voor_851243580(4골)"
2026-04-22 10:36,Eve올로,chilishake,1_3,패,"Eve올로_291251892(1골), chilishake_835188428(1골), chilishake_846001551(1골), chilishake_818180930(1골)"
2026-04-22 10:20,Eve올로,chilishake,0_7,패,"chilishake_846192505(1골), chilishake_818180930(4골), chilishake_848189505(1골), chilishake_848209331(1골)"
2026-04-21 23:19,UNIT,아들러,5_3,승,"UNIT_855233096(1골), UNIT_844228093(3골), UNIT_848210406(1골), 아들러_289191208(1골), 아들러_840229752(1골), 아들러_855232639(1골)"
2026-04-21 23:06,UNIT,아들러,4_3,승,"UNIT_848210406(1골), UNIT_840192883(1골), UNIT_844228093(2골), 아들러_825232432(1골), 아들러_840229752(2골)"
