PlayerNameID,급여,OVR,키
503215316,11,83,189
815189296,21,107,194
297233164,5,69,197
503222546,6,75,185
323201325,5,66,198
300210941,5,67,186
260234102,7,76,188
284183567,16,97,193
810228383,20,103,195
844215316,25,116,189
216163155,13,86,193
515262621,16,95,199
300227477,5,65,186
322230168,5,71,190
278192119,24,113,199
300242818,5,70,188
508163155,13,84,193
513262621,14,92,199
320192613,5,64,203
233150724,17,97,196
511177683,15,92,183
300235018,5,68,193
300210772,5,65,194
241210257,17,98,188
206163705,11,81,185
511209960,13,85,186
216000805,15,92,190
323140293,5,66,193
264158121,17,99,187
512221759,8,84,189
516199259,10,81,188
515243952,15,94,191
206172553,6,75,195
239210941,15,92,186
515269626,15,93,194
323150724,5,65,196
300234577,6,75,187
856252552,18,102,194
324220932,5,60,201
848048940,27,118,196
511192563,13,88,190
511200110,12,86,193
513192563,14,90,189
300263139,5,70,197
221157804,6,77,190
221200389,16,94,188
300241643,5,67,186
300202873,5,67,190
513212831,18,97,193
234163587,13,88,189
273212831,19,103,191
324256699,5,57,185
300199833,6,71,198
300071383,5,55,204
511162835,14,91,193
300254502,5,67,188
511223952,14,90,192
510221912,11,84,185
511214979,14,89,191
324264676,5,54,182
300199482,5,69,184
241212831,17,99,191
321163155,5,71,193
273234577,14,93,187
846190053,25,114,193
503193080,14,89,192
230192448,18,99,187
300238604,5,66,188
506223952,13,86,192
815215698,22,112,191
513211738,15,93,195
260198009,15,92,188
508190745,12,85,191
300238570,5,67,194
502140293,9,80,193
300250753,6,72,199
300207935,5,68,191
501179783,11,81,197
300263339,5,65,191
300223550,5,69,190
508227127,13,86,191
300186680,5,65,195
225212915,12,85,189
515251752,14,94,189
502223952,11,83,192
250192119,19,103,199
300244656,5,65,181
100238380,29,126,189
215192448,16,95,187
242234577,12,85,187
300210385,6,73,191
815204935,21,108,185
506167948,13,90,188
257203004,16,96,195
239238570,15,95,194
300191628,5,65,185
508204935,14,88,185
201193041,14,85,185
273202811,19,102,195
221199987,12,87,185
517262956,14,90,193
293191655,16,96,187
217198962,14,90,188
280226753,19,106,190
300229956,5,66,188
503167495,15,90,193
508224987,9,80,192
206199005,8,75,184
324163705,5,69,187
300224041,5,70,190
221193041,16,100,185
511228413,13,87,192
511230869,14,91,190
300146296,5,67,187
324237580,5,63,196
242177683,15,92,183
300245359,5,65,190
300240987,5,69,185
300255981,5,67,190
300189296,5,65,194
238244316,14,93,190
300244316,5,65,190
511211348,13,85,188
324252200,5,63,195
225221700,13,87,192
100048940,27,122,196
502203841,10,81,200
840163705,23,110,187
300235413,5,70,193
300220624,5,65,187
260178086,15,95,190
517201269,15,93,188
300219522,5,71,183
805210941,21,108,186
300193314,5,70,182
515209981,15,94,195
856258239,22,109,190
506192448,14,91,187
502233306,7,77,190
284150477,16,97,189
261191694,18,102,170
844224251,26,117,194
206182494,10,80,190
300235574,5,68,194
300228562,5,64,196
201139668,11,79,188
256169181,18,100,181
300232654,6,72,181
502223885,8,77,193
225228130,13,87,192
280185122,11,83,191
500193080,15,87,193
300199005,5,71,184
515192984,15,95,197
101000805,21,106,190
515185122,15,97,191
287192448,23,110,187
221206652,9,82,195
300211348,5,71,188
820190569,22,110,191
230212831,18,100,191
844192119,27,118,200
225213001,12,85,191
300209987,5,66,188
300236033,5,68,186
808186153,22,109,195
511202811,16,92,195
300210832,5,65,192
503186153,13,88,195
513233934,16,94,191
260237704,13,88,192
511223550,13,88,189
221201325,10,82,196
508242656,11,83,196
239212432,15,95,189
201173373,9,75,192
267192119,21,106,199
503223885,10,79,193
300265526,5,70,188
516212432,15,92,189
300246158,5,69,185
300248478,5,66,188
101000001,21,106,193
511193698,14,91,187
242211515,13,90,194
815221610,21,106,188
501186153,12,84,195
508211515,13,87,194
206177723,9,79,185
503185122,13,88,191
259215698,18,100,191
300246267,5,70,189
508190243,12,84,194
300204246,5,64,194
820186153,23,112,196
259210257,20,105,188
216215223,13,87,191
280234577,19,107,192
300256726,5,65,189
260189342,5,73,194
321204966,5,64,187
508221087,12,85,189
511211515,12,86,194
300227529,5,53,193
230241727,17,99,191
300246657,6,72,191
502167495,15,90,193
844185122,26,117,193
300235629,5,68,190
300258328,5,66,189
300251292,5,65,192
289140233,21,107,185
506223550,10,81,189
508205659,12,86,184
511242656,12,84,196
273199005,14,91,184
324193041,6,74,185
815178005,18,100,190
217214584,11,82,189
508192563,13,88,190
502192448,14,89,187
242234777,14,89,191
225136686,15,94,184
506193698,11,86,187
506186153,14,88,195
225203004,12,85,195
508202811,15,89,195
234000805,15,92,190
511210257,17,95,188
510234748,10,81,195
503203841,11,83,200
511231691,13,88,196
300273047,5,58,195
287219522,22,110,186
300172553,5,65,195
503215698,11,84,191
287211990,21,108,190
217234777,12,85,191
300210676,6,73,196
262242656,15,95,196
501024630,11,81,188
508193080,13,88,192
856222389,25,117,185
300263673,5,68,189
225222600,13,87,188
501173373,9,79,193
256190053,21,105,193
508193105,13,88,195
501193105,10,80,195
511193080,15,94,192
501193080,14,89,193
234104389,13,87,190
502162835,14,89,193
300238503,5,60,198
508223898,11,83,190
502193041,13,89,185
300262659,5,69,190
230186153,17,98,195
508167948,14,91,188
201000488,15,91,188
273177683,17,99,183
215199833,13,88,198
321203775,5,66,189
856222263,24,113,187
273167948,18,102,188
506192563,13,88,190
318048940,6,72,196
320167628,6,72,188
319252477,5,46,191
506198009,12,85,188
273193041,18,101,185
815206585,19,102,188
294255919,14,89,187
221246139,5,68,184
300200316,5,66,192
508201976,11,82,196
242234642,16,97,197
506177683,13,88,183
508212442,12,84,192
321240311,5,62,183
300077744,5,55,190
221174543,9,81,184
513188943,16,95,189
300244810,5,65,195
300215251,5,68,187
300199909,5,65,194
300234748,5,59,195
515202811,17,99,195
