선수ID,선수이름,포지션,보유신규특성,국가,주발,약발,클럽1,클럽2,클럽3,클럽4,클럽5,클럽6,클럽7,클럽8,클럽9
100000041,이니에스타,CM,커맨더,스페인,양발,5,FC 바르셀로나,,,,,,,,
100000051,앨런 시어러,ST,아크로바틱 피니셔,잉글랜드,오른발,4,뉴캐슬 유나이티드,블랙번 로버스,사우샘프턴,,,,,,
100000240,로이 킨,CDM,와일드 태클러,아일랜드,오른발,3,셀틱,맨체스터 유나이티드,,,,,,,
100000246,폴 스콜스,CM,커맨더,잉글랜드,오른발,4,맨체스터 유나이티드,,,,,,,,
100000250,데이비드 베컴,RM,커맨더,잉글랜드,오른발,4,파리 생제르맹,밀라노 FC,LA 갤럭시,레알 마드리드,맨체스터 유나이티드,,,,
100000388,솔 캠벨,CB,타이탄,잉글랜드,오른발,4,뉴캐슬 유나이티드,아스널,토트넘 홋스퍼,,,,,,
100000488,올리버 칸,GK,GK 빠른 반응,독일,오른발,2,바이에른 뮌헨,,,,,,,,
100000570,제이-제이 오코차,CAM,아크로바틱 피니셔,나이지리아,오른발,4,파리 생제르맹,아인트라흐트 프랑크푸르트,,,,,,,
100001025,후이 코스타,CAM,커맨더,포르투갈,오른발,4,SL 벤피카,밀라노 FC,피오렌티나,,,,,,
100001040,호베르투 카를루스,LB,스피드스터,브라질,왼발,3,레알 마드리드,롬바르디아 FC,,,,,,,
100001041,하비에르 사네티,LB,2개의 심장,아르헨티나,오른발,4,롬바르디아 FC,,,,,,,,
100001075,델피에로,CF,라인 브레이커,이탈리아,양발,5,유벤투스,,,,,,,,
100001088,알레산드로 네스타,CB,와일드 태클러,이탈리아,오른발,3,밀라노 FC,라티움,,,,,,,
100001109,파올로 말디니,LB,파이터,이탈리아,양발,5,밀라노 FC,,,,,,,,
100001114,로베르토 바조,CF,아크로바틱 피니셔,이탈리아,양발,5,롬바르디아 FC,볼로냐,밀라노 FC,유벤투스,피오렌티나,,,,
100001116,마르셀 드사이,CDM,와일드 태클러,프랑스,오른발,3,첼시,밀라노 FC,올랭피크 마르세유,FC 낭트,,,,,
100001179,잔루이지 부폰,GK,GK 공중볼 장악,이탈리아,오른발,2,파르마,유벤투스,파리 생제르맹,,,,,,
100001183,파비오 칸나바로,CB,와일드 태클러,이탈리아,오른발,3,유벤투스,레알 마드리드,롬바르디아 FC,파르마,SSC 나폴리,,,,
100001201,잔프랑코 졸라,CF,라인 브레이커,이탈리아,양발,5,칼리아리,첼시,파르마,SSC 나폴리,,,,,
100001238,프란체스코 토티,CF,아크로바틱 피니셔,이탈리아,양발,5,AS 로마,,,,,,,,
100001256,클라렌스 세이도르프,CAM,2개의 심장,네덜란드,오른발,4,밀라노 FC,롬바르디아 FC,레알 마드리드,삼프도리아,아약스,,,,
100001397,지네딘 지단,CAM,아크로바틱 피니셔,프랑스,양발,5,레알 마드리드,유벤투스,,,,,,,
100001419,파트리크 비에이라,CDM,와일드 태클러,프랑스,오른발,4,맨체스터 시티,롬바르디아 FC,유벤투스,아스널,밀라노 FC,,,,
100001605,로베르 피레스,LM,라인 브레이커,프랑스,오른발,4,애스턴 빌라,비야레알 CF,아스널,올랭피크 마르세유,FC 메스,,,,
100001615,릴리앙 튀람,RB,와일드 태클러,프랑스,양발,5,FC 바르셀로나,유벤투스,파르마,AS 모나코,,,,,
100001620,에마뉘엘 프티,CDM,2개의 심장,프랑스,왼발,3,첼시,FC 바르셀로나,아스널,AS 모나코,,,,,
100001625,티에리 앙리,ST,라인 브레이커,프랑스,양발,5,아스널,FC 바르셀로나,유벤투스,AS 모나코,,,,,
100001668,클로드 마켈렐레,CDM,와일드 태클러,프랑스,오른발,3,파리 생제르맹,첼시,레알 마드리드,셀타 비고,올랭피크 마르세유,FC 낭트,,,
100001845,올레 군나르 솔샤르,ST,크로스 포쳐,노르웨이,양발,5,맨체스터 유나이티드,,,,,,,,
100003647,미하엘 발락,CAM,크로스 포쳐,독일,양발,5,바이엘 04 레버쿠젠,첼시,바이에른 뮌헨,,,,,,
100004000,데니스 베르캄프,CF,아크로바틱 피니셔,네덜란드,양발,5,아스널,롬바르디아 FC,아약스,,,,,,
100004202,젠나로 가투소,CDM,와일드 태클러,이탈리아,오른발,4,밀라노 FC,레인저스,,,,,,,
100004231,히바우두,CAM,아크로바틱 피니셔,브라질,왼발,3,밀라노 FC,FC 바르셀로나,,,,,,,
100004833,스토이치코프,RW,라인 브레이커,불가리아,왼발,4,FC 바르셀로나,파르마,,,,,,,
100005003,카푸,RB,체이서,브라질,오른발,4,밀라노 FC,AS 로마,,,,,,,
100005099,잔루카 잠브로타,RB,체이서,이탈리아,양발,5,밀라노 FC,FC 바르셀로나,유벤투스,,,,,,
100005419,마이클 오언,ST,라인 브레이커,잉글랜드,오른발,4,스토크 시티,맨체스터 유나이티드,뉴캐슬 유나이티드,레알 마드리드,리버풀,,,,
100005467,제이미 캐러거,CB,와일드 태클러,잉글랜드,오른발,3,리버풀,,,,,,,,
100005471,프랭크 램파드,CM,아크로바틱 피니셔,잉글랜드,양발,5,맨체스터 시티,첼시,웨스트 햄 유나이티드,,,,,,
100005479,카시야스,GK,GK 빠른 반응,스페인,왼발,3,FC 포르투,레알 마드리드,,,,,,,
100005589,루이스 피구,RW,스피드스터,포르투갈,양발,5,롬바르디아 FC,레알 마드리드,FC 바르셀로나,스포르팅 CP,,,,,
100005673,야리 리트마넨,CAM,크로스 포쳐,핀란드,양발,5,풀럼,아약스,리버풀,FC 바르셀로나,,,,,
100005680,클라위베르트,ST,크로스 포쳐,네덜란드,양발,5,LOSC 릴,발렌시아 CF,뉴캐슬 유나이티드,FC 바르셀로나,밀라노 FC,아약스,,,
100005984,다비드 트레제게,ST,크로스 포쳐,프랑스,양발,5,유벤투스,AS 모나코,,,,,,,
100006235,파벨 네드베드,CAM,2개의 심장,체코,양발,5,유벤투스,라티움,스파르타 프라하,,,,,,
100006975,프레디 융베리,RM,2개의 심장,스웨덴,양발,5,셀틱,웨스트 햄 유나이티드,아스널,,,,,,
100007289,리오 퍼디난드,CB,와일드 태클러,잉글랜드,오른발,3,맨체스터 유나이티드,리즈 유나이티드,웨스트 햄 유나이티드,,,,,,
100007512,에르난 크레스포,ST,라인 브레이커,아르헨티나,양발,5,파르마,제노아,롬바르디아 FC,밀라노 FC,첼시,라티움,,,
100007518,베론,CM,커맨더,아르헨티나,오른발,4,롬바르디아 FC,첼시,맨체스터 유나이티드,라티움,파르마,삼프도리아,,,
100007763,안드레아 피를로,CM,커맨더,이탈리아,양발,5,유벤투스,밀라노 FC,롬바르디아 FC,,,,,,
100007826,로빈 반페르시,ST,아크로바틱 피니셔,네덜란드,양발,5,페예노르트,맨체스터 유나이티드,아스널,,,,,,
100009676,사뮈엘 에토,ST,라인 브레이커,카메룬,양발,5,삼프도리아,에버턴,첼시,롬바르디아 FC,FC 바르셀로나,RCD 마요르카,레알 마드리드,RCD 에스파뇰,
100010264,뤼트 반니스텔로이,ST,크로스 포쳐,네덜란드,오른발,4,함부르크 SV,레알 마드리드,맨체스터 유나이티드,,,,,,
100010535,차비,CM,커맨더,스페인,오른발,4,FC 바르셀로나,,,,,,,,
100011141,미로슬라프 클로제,ST,크로스 포쳐,독일,오른발,4,라티움,바이에른 뮌헨,베르더 브레멘,,,,,,
100013038,카를레스 푸욜,CB,와일드 태클러,스페인,오른발,3,FC 바르셀로나,,,,,,,,
100013128,안드리 셰우첸코,ST,크로스 포쳐,우크라이나,양발,5,디나모 키이우,밀라노 FC,첼시,,,,,,
100013383,나카타 히데토시,CAM,아크로바틱 피니셔,일본,양발,5,피오렌티나,볼로냐,파르마,AS 로마,,,,,
100013743,스티븐 제라드,CAM,커맨더,잉글랜드,양발,5,LA 갤럭시,리버풀,,,,,,,
100020289,야야 투레,CM,커맨더,코트디부아르,양발,5,맨체스터 시티,FC 바르셀로나,AS 모나코,,,,,,
100023174,리켈메,CAM,커맨더,아르헨티나,오른발,4,비야레알 CF,FC 바르셀로나,,,,,,,
100028130,호나우지뉴,LW,커맨더,브라질,오른발,4,밀라노 FC,FC 바르셀로나,파리 생제르맹,,,,,,
100031432,디디에 드로그바,ST,크로스 포쳐,코트디부아르,양발,5,첼시,갈라타사라이,상하이 선화,올랭피크 마르세유,,,,,
100034079,애슐리 콜,LB,체이서,잉글랜드,왼발,3,LA 갤럭시,AS 로마,첼시,크리스털 팰리스,아스널,,,,
100037576,호나우두,ST,라인 브레이커,브라질,양발,5,밀라노 FC,레알 마드리드,롬바르디아 FC,FC 바르셀로나,,,,,
100039943,박지성,CAM,2개의 심장,대한민국,양발,5,맨체스터 유나이티드,,,,,,,,
100041236,즐라탄,ST,아크로바틱 피니셔,스웨덴,양발,5,밀라노 FC,LA 갤럭시,맨체스터 유나이티드,파리 생제르맹,FC 바르셀로나,롬바르디아 FC,유벤투스,아약스,
100045197,샤비 알론소,CM,커맨더,스페인,오른발,4,바이에른 뮌헨,레알 마드리드,리버풀,SD 에이바르,레알 소시에다드,,,,
100045661,라울,CF,크로스 포쳐,스페인,왼발,4,레알 마드리드,,,,,,,,
100045674,마이클 에시앙,CDM,2개의 심장,가나,오른발,4,밀라노 FC,레알 마드리드,첼시,올랭피크 리옹,,,,,
100048940,페트르 체흐,GK,GK 공중볼 장악,체코,왼발,3,아스널,첼시,스타드 렌,스파르타 프라하,,,,,
100049369,페르난도 토레스,ST,라인 브레이커,스페인,양발,5,밀라노 FC,첼시,리버풀,,,,,,
100051539,에드윈 반데르사르,GK,GK 공중볼 장악,네덜란드,오른발,3,맨체스터 유나이티드,풀럼,유벤투스,아약스,,,,,
100052241,헨릭 라르손,ST,크로스 포쳐,스웨덴,양발,5,맨체스터 유나이티드,FC 바르셀로나,셀틱,페예노르트,,,,,
100054050,웨인 루니,ST,크로스 포쳐,잉글랜드,양발,5,에버턴,맨체스터 유나이티드,,,,,,,
100121939,필립 람,RB,체이서,독일,양발,5,VfB 슈투트가르트,바이에른 뮌헨,,,,,,,
100121944,슈바인슈타이거,CM,커맨더,독일,오른발,4,맨체스터 유나이티드,바이에른 뮌헨,,,,,,,
100138449,카카,CAM,스피드스터,브라질,양발,5,밀라노 FC,레알 마드리드,,,,,,,
100138956,조르조 키엘리니,CB,파이터,이탈리아,왼발,3,유벤투스,피오렌티나,,,,,,,
100140601,네마냐 비디치,CB,파이터,세르비아,오른발,3,롬바르디아 FC,맨체스터 유나이티드,,,,,,,
100156353,루이스 에르난데스,ST,크로스 포쳐,멕시코,오른발,3,LA 갤럭시,,,,,,,,
100156616,프랑크 리베리,LW,스피드스터,프랑스,양발,5,피오렌티나,바이에른 뮌헨,올랭피크 마르세유,갈라타사라이,FC 메스,,,,
100161840,페르난도 이에로,CB,와일드 태클러,스페인,오른발,3,레알 마드리드,레알 바야돌리드,,,,,,,
100166124,게오르게 하지,CAM,스피드스터,루마니아,양발,5,갈라타사라이,FC 바르셀로나,레알 마드리드,,,,,,
100166149,우고 산체스,ST,크로스 포쳐,멕시코,양발,5,레알 마드리드,,,,,,,,
100166691,지쿠,CAM,아크로바틱 피니셔,브라질,양발,5,우디네세,,,,,,,,
100166906,프랑코 바레시,CB,와일드 태클러,이탈리아,오른발,4,밀라노 FC,,,,,,,,
100167135,카를루스 아우베르투,RB,체이서,브라질,오른발,4,,,,,,,,,
100167198,에릭 칸토나,CF,크로스 포쳐,프랑스,양발,5,맨체스터 유나이티드,리즈 유나이티드,몽펠리에 HSC,올랭피크 마르세유,,,,,
100167680,로날트 쿠만,CB,파이터,네덜란드,오른발,3,페예노르트,FC 바르셀로나,아약스,,,,,,
100168473,베켄바워,CB,커맨더,독일,양발,5,함부르크 SV,바이에른 뮌헨,,,,,,,
100173731,가레스 베일,LM,스피드스터,웨일스,왼발,3,토트넘 홋스퍼,레알 마드리드,사우샘프턴,,,,,,
100176676,마르셀루,LB,커맨더,브라질,양발,5,레알 마드리드,,,,,,,,
100182521,토니 크로스,CM,커맨더,독일,양발,5,레알 마드리드,바이엘 04 레버쿠젠,바이에른 뮌헨,,,,,,
100190042,마라도나,CAM,스피드스터,아르헨티나,왼발,3,세비야 FC,SSC 나폴리,FC 바르셀로나,,,,,,
100190043,펠레,CF,스피드스터,브라질,양발,5,,,,,,,,,
100190044,보비 무어,CB,커맨더,잉글랜드,오른발,4,풀럼,웨스트 햄 유나이티드,,,,,,,
100190045,요한 크루이프,CF,크로스 포쳐,네덜란드,양발,5,페예노르트,아약스,레반테 UD,FC 바르셀로나,,,,,
100190046,소크라테스,CAM,크로스 포쳐,브라질,양발,5,피오렌티나,,,,,,,,
100190048,게르트 뮐러,ST,크로스 포쳐,독일,양발,5,바이에른 뮌헨,,,,,,,,
100190053,페터 슈마이켈,GK,GK 빠른 반응,덴마크,오른발,3,맨체스터 시티,애스턴 빌라,스포르팅 CP,맨체스터 유나이티드,,,,,
100191189,로타어 마테우스,CM,2개의 심장,독일,양발,5,바이에른 뮌헨,롬바르디아 FC,보루시아 묀헨글라트바흐,,,,,,
100191208,차범근,ST,스피드스터,대한민국,양발,5,바이엘 04 레버쿠젠,아인트라흐트 프랑크푸르트,,,,,,,
100191695,부트라게뇨,ST,라인 브레이커,스페인,양발,5,레알 마드리드,,,,,,,,
100192181,마르코 반바스텐,ST,크로스 포쳐,네덜란드,양발,5,밀라노 FC,아약스,,,,,,,
100192190,둥가,CDM,커맨더,브라질,오른발,4,VfB 슈투트가르트,피오렌티나,,,,,,,
100214098,프랑크 레이카르트,CDM,와일드 태클러,네덜란드,오른발,4,아약스,밀라노 FC,스포르팅 CP,,,,,,
100214100,루드 굴리트,CF,크로스 포쳐,네덜란드,양발,5,첼시,삼프도리아,밀라노 FC,페예노르트,,,,,
100214101,파울루 푸트리,CAM,스피드스터,포르투갈,양발,5,웨스트 햄 유나이티드,밀라노 FC,올랭피크 마르세유,SL 벤피카,FC 포르투,스포르팅 CP,,,
100214267,게리 리네커,ST,크로스 포쳐,잉글랜드,양발,5,토트넘 홋스퍼,FC 바르셀로나,에버턴,레스터 시티,,,,,
100214649,다보르 슈케르,ST,라인 브레이커,크로아티아,양발,5,웨스트 햄 유나이티드,아스널,레알 마드리드,세비야 FC,디나모 자그레브,,,,
100215732,올리버 비어호프,ST,크로스 포쳐,독일,오른발,4,AS 모나코,밀라노 FC,우디네세,레드불 잘츠부르크,보루시아 묀헨글라트바흐,함부르크 SV,,,
100221162,바티스투타,ST,아크로바틱 피니셔,아르헨티나,양발,5,롬바르디아 FC,AS 로마,피오렌티나,,,,,,
100222000,미카엘 라우드루프,CF,라인 브레이커,덴마크,양발,5,아약스,레알 마드리드,FC 바르셀로나,유벤투스,라티움,,,,
100222481,로랑 블랑,CB,와일드 태클러,프랑스,오른발,3,맨체스터 유나이티드,롬바르디아 FC,올랭피크 마르세유,FC 바르셀로나,AS 생테티엔,SSC 나폴리,몽펠리에 HSC,,
100226764,조지 베스트,RW,라인 브레이커,북아일랜드,양발,5,풀럼,맨체스터 유나이티드,,,,,,,
100230025,보비 찰턴,CAM,커맨더,잉글랜드,양발,5,맨체스터 유나이티드,,,,,,,,
100238380,레프 야신,GK,GK 공중볼 장악,러시아,오른발,3,,,,,,,,,
100242519,에우제비우,ST,스피드스터,포르투갈,양발,5,SL 벤피카,,,,,,,,
100247515,존 반스,LW,스피드스터,잉글랜드,양발,5,뉴캐슬 유나이티드,리버풀,왓퍼드,,,,,,
100247553,가린샤,RW,스피드스터,브라질,오른발,4,,,,,,,,,
100247699,케니 달글리시,CF,아크로바틱 피니셔,스코틀랜드,양발,5,리버풀,셀틱,,,,,,,
100247703,이언 러시,ST,크로스 포쳐,웨일스,양발,5,셰필드 유나이티드,뉴캐슬 유나이티드,리즈 유나이티드,리버풀,유벤투스,,,,
100248146,이언 라이트,ST,라인 브레이커,잉글랜드,양발,5,번리,셀틱,웨스트 햄 유나이티드,아스널,크리스털 팰리스,,,,
100254642,페렌츠 푸스카스,CF,아크로바틱 피니셔,헝가리,왼발,4,레알 마드리드,,,,,,,,
100268513,자이르지뉴,RW,크로스 포쳐,브라질,오른발,4,올랭피크 마르세유,,,,,,,,
844020801,크리스티아누 호날두,ST,크로스 포쳐,포르투갈,양발,5,맨체스터 유나이티드,유벤투스,레알 마드리드,스포르팅 CP,,,,,
844165153,카림 벤제마,ST,크로스 포쳐,프랑스,양발,5,레알 마드리드,올랭피크 리옹,,,,,,,
844184111,크리스티앙 벤테케,ST,크로스 포쳐,벨기에,오른발,3,크리스털 팰리스,리버풀,애스턴 빌라,KRC 겡크,,,,,
844188335,안테 부디미르,ST,크로스 포쳐,크로아티아,왼발,4,오사수나,RCD 마요르카,삼프도리아,,,,,,
844188545,레반도프스키,ST,크로스 포쳐,폴란드,양발,5,FC 바르셀로나,바이에른 뮌헨,보루시아 도르트문트,,,,,,
844189805,뤼크 더용,ST,크로스 포쳐,네덜란드,양발,5,FC 포르투,FC 바르셀로나,세비야 FC,뉴캐슬 유나이티드,보루시아 묀헨글라트바흐,,,,
844192123,크리스 우드,ST,크로스 포쳐,뉴질랜드,오른발,4,뉴캐슬 유나이티드,번리,리즈 유나이티드,레스터 시티,웨스트 브로미치 앨비언,브라이턴 호브 앨비언,,,
844192366,니콜라스 오타멘디,CB,체이서,아르헨티나,오른발,3,SL 벤피카,맨체스터 시티,발렌시아 CF,FC 포르투,,,,,
844192505,로멜루 루카쿠,ST,크로스 포쳐,벨기에,왼발,4,SSC 나폴리,첼시,AS 로마,롬바르디아 FC,맨체스터 유나이티드,에버턴,웨스트 브로미치 앨비언,,
844200104,손흥민,LW,라인 브레이커,대한민국,양발,5,토트넘 홋스퍼,바이엘 04 레버쿠젠,함부르크 SV,,,,,,
844202126,해리 케인,ST,크로스 포쳐,잉글랜드,양발,5,바이에른 뮌헨,토트넘 홋스퍼,레스터 시티,,,,,,
844203376,버질 반다이크,CB,체이서,네덜란드,오른발,3,리버풀,사우샘프턴,셀틱,,,,,,
844204525,이니고 마르티네스,CB,체이서,스페인,왼발,3,FC 바르셀로나,아틀레틱 빌바오,레알 소시에다드,,,,,,
844205452,안토니오 뤼디거,CB,와일드 태클러,독일,오른발,3,레알 마드리드,첼시,AS 로마,VfB 슈투트가르트,,,,,
844209331,모하메드 살라,RW,라인 브레이커,이집트,왼발,4,리버풀,AS 로마,첼시,피오렌티나,,,,,
844210008,아드리앙 라비오,CM,와일드 태클러,프랑스,왼발,3,밀라노 FC,올랭피크 마르세유,유벤투스,파리 생제르맹,,,,,
844210602,살렘 알도사리,LW,라인 브레이커,사우디아라비아,양발,5,비야레알 CF,,,,,,,,
844212401,S. 모레이라,CB,체이서,카보베르데,오른발,2,FC 로리앙,스타드 렌,,,,,,,
844214096,팀 클라인딘스트,ST,크로스 포쳐,독일,양발,5,보루시아 묀헨글라트바흐,SC 프라이부르크,,,,,,,
844215441,세루 기라시,ST,크로스 포쳐,기니,오른발,4,보루시아 도르트문트,VfB 슈투트가르트,스타드 렌,LOSC 릴,,,,,
844215914,은골로 캉테,CDM,체이서,프랑스,오른발,3,첼시,레스터 시티,,,,,,,
844228093,마르쿠스 튀람,ST,크로스 포쳐,프랑스,오른발,4,롬바르디아 FC,보루시아 묀헨글라트바흐,,,,,,,
844229188,V. 파블리디스,ST,크로스 포쳐,그리스,양발,5,SL 벤피카,,,,,,,,
844229261,데니스 자카리아,CDM,와일드 태클러,스위스,오른발,3,AS 모나코,유벤투스,첼시,보루시아 묀헨글라트바흐,,,,,
844229348,안토니 로빈슨,LB,체이서,미국,왼발,3,풀럼,에버턴,,,,,,,
844231443,우스만 뎀벨레,RW,라인 브레이커,프랑스,양발,5,파리 생제르맹,FC 바르셀로나,보루시아 도르트문트,스타드 렌,,,,,
844231747,킬리안 음바페,ST,라인 브레이커,프랑스,오른발,4,레알 마드리드,파리 생제르맹,AS 모나코,,,,,,
844232360,가에탕 페랭,RW,라인 브레이커,프랑스,양발,5,LOSC 릴,올랭피크 리옹,,,,,,,
844233731,알렉산데르 이사크,ST,크로스 포쳐,스웨덴,양발,5,리버풀,뉴캐슬 유나이티드,레알 소시에다드,보루시아 도르트문트,,,,,
844234236,파트리크 시크,ST,크로스 포쳐,체코,왼발,3,바이엘 04 레버쿠젠,RB 라이프치히,AS 로마,삼프도리아,스파르타 프라하,,,,
844237086,김민재,CB,체이서,대한민국,오른발,4,바이에른 뮌헨,SSC 나폴리,전북 현대 모터스,,,,,,
844237238,스콧 맥토미니,CM,크로스 포쳐,스코틀랜드,오른발,3,SSC 나폴리,맨체스터 유나이티드,,,,,,,
844238095,니콜라 밀렌코비치,CB,와일드 태클러,세르비아,오른발,3,피오렌티나,,,,,,,,
844238794,비니시우스,LW,라인 브레이커,브라질,오른발,4,레알 마드리드,,,,,,,,
844239053,페데리코 발베르데,CM,체이서,우루과이,오른발,4,레알 마드리드,,,,,,,,
844239085,엘링 홀란,ST,크로스 포쳐,노르웨이,왼발,4,맨체스터 시티,보루시아 도르트문트,레드불 잘츠부르크,,,,,,
844239837,A. 마칼리스테르,CM,와일드 태클러,아르헨티나,오른발,3,리버풀,브라이턴 호브 앨비언,,,,,,,
844241651,빅토르 요케레스,ST,라인 브레이커,스웨덴,오른발,4,아스널,스포르팅 CP,브라이턴 호브 앨비언,,,,,,
844241850,마테오 레테기,ST,라인 브레이커,이탈리아,양발,5,베르가모 칼초,제노아,,,,,,,
844241852,무사 디아비,RW,라인 브레이커,프랑스,왼발,4,애스턴 빌라,바이엘 04 레버쿠젠,파리 생제르맹,,,,,,
844243241,A. 부온조르노,CB,와일드 태클러,이탈리아,왼발,3,SSC 나폴리,토리노,,,,,,,
844243630,조너선 데이비드,ST,크로스 포쳐,캐나다,양발,5,유벤투스,LOSC 릴,,,,,,,
844243715,윌리암 살리바,CB,체이서,프랑스,오른발,3,아스널,올랭피크 마르세유,OGC 니스,AS 생테티엔,,,,,
844244263,아미르 라흐마니,CB,와일드 태클러,코소보,오른발,4,SSC 나폴리,엘라스 베로나,디나모 자그레브,,,,,,
844244728,셈 스테인,CAM,크로스 포쳐,네덜란드,오른발,4,페예노르트,,,,,,,,
844246104,R. 흐라벤베르흐,CDM,와일드 태클러,네덜란드,오른발,4,리버풀,바이에른 뮌헨,아약스,,,,,,
844247103,다비드 한츠코,CB,와일드 태클러,슬로바키아,왼발,3,페예노르트,스파르타 프라하,피오렌티나,,,,,,
844247819,N. 슐로터베크,CB,와일드 태클러,독일,왼발,3,보루시아 도르트문트,SC 프라이부르크,,,,,,,
844248550,비비안,CB,체이서,스페인,오른발,2,아틀레틱 빌바오,,,,,,,,
844252145,누누 멘데스,LB,체이서,포르투갈,왼발,4,파리 생제르맹,스포르팅 CP,,,,,,,
844252802,윌프리드 싱고,CB,와일드 태클러,코트디부아르,오른발,3,갈라타사라이,AS 모나코,토리노,,,,,,
844255009,K. 테일러,CM,체이서,네덜란드,양발,5,라티움,아약스,,,,,,,
844256079,M. 카이세도,CDM,와일드 태클러,에콰도르,오른발,3,첼시,브라이턴 호브 앨비언,,,,,,,
844256196,윌리안 파초,CB,체이서,에콰도르,왼발,3,파리 생제르맹,아인트라흐트 프랑크푸르트,,,,,,,
844256197,P. 인카피에,CB,체이서,에콰도르,왼발,2,아스널,바이엘 04 레버쿠젠,,,,,,,
844256325,요시프 슈탈로,CB,와일드 태클러,크로아티아,오른발,3,아약스,디나모 자그레브,,,,,,,
844257179,곤살루 이나시우,CB,와일드 태클러,포르투갈,왼발,2,스포르팅 CP,,,,,,,,
844257289,위고 에키티케,ST,크로스 포쳐,프랑스,오른발,3,리버풀,아인트라흐트 프랑크푸르트,파리 생제르맹,스타드 랭스,,,,,
844258437,E. 에메가,ST,라인 브레이커,네덜란드,양발,5,스트라스부르 알자스,첼시,,,,,,,
844260908,M. 케르케즈,LB,체이서,헝가리,왼발,3,리버풀,밀라노 FC,,,,,,,
844266866,에데르송,CM,와일드 태클러,브라질,오른발,3,베르가모 칼초,,,,,,,,
844272834,주앙 네베스,CM,체이서,포르투갈,오른발,4,파리 생제르맹,SL 벤피카,,,,,,,
844272978,조엘 하토,LB,체이서,네덜란드,왼발,3,첼시,아약스,,,,,,,
844273018,안드레이 산투스,CM,체이서,브라질,오른발,4,첼시,스트라스부르 알자스,,,,,,,
844277581,사무,ST,라인 브레이커,스페인,오른발,3,FC 포르투,데포르티보 알라베스,그라나다 CF,,,,,,
845001040,호베르투 카를루스,LB,체이서,브라질,왼발,2,레알 마드리드,롬바르디아 FC,,,,,,,
845001116,마르셀 드사이,CB,체이서,프랑스,오른발,3,첼시,밀라노 FC,올랭피크 마르세유,FC 낭트,,,,,
845001419,파트리크 비에이라,CDM,체이서,프랑스,오른발,3,맨체스터 시티,롬바르디아 FC,유벤투스,아스널,밀라노 FC,,,,
845001615,릴리앙 튀람,RB,와일드 태클러,프랑스,오른발,4,FC 바르셀로나,유벤투스,파르마,AS 모나코,,,,,
845001625,티에리 앙리,ST,라인 브레이커,프랑스,오른발,4,아스널,FC 바르셀로나,유벤투스,AS 모나코,,,,,
845005003,카푸,RB,체이서,브라질,오른발,3,밀라노 FC,AS 로마,,,,,,,
845005454,비셴테 리자라쥐,LB,와일드 태클러,프랑스,왼발,3,바이에른 뮌헨,올랭피크 마르세유,아틀레틱 빌바오,,,,,,
845007743,랜던 도노번,CF,라인 브레이커,미국,오른발,4,에버턴,바이에른 뮌헨,LA 갤럭시,바이엘 04 레버쿠젠,,,,,
845009676,사뮈엘 에토,ST,라인 브레이커,카메룬,오른발,4,삼프도리아,에버턴,첼시,롬바르디아 FC,FC 바르셀로나,RCD 마요르카,레알 마드리드,RCD 에스파뇰,
845013038,카를레스 푸욜,CB,체이서,스페인,오른발,3,FC 바르셀로나,,,,,,,,
845016619,이반 코르도바,CB,체이서,콜롬비아,오른발,3,롬바르디아 FC,,,,,,,,
845020801,크리스티아누 호날두,ST,크로스 포쳐,포르투갈,양발,5,맨체스터 유나이티드,유벤투스,레알 마드리드,스포르팅 CP,,,,,
845037576,호나우두,ST,라인 브레이커,브라질,양발,5,밀라노 FC,레알 마드리드,롬바르디아 FC,FC 바르셀로나,,,,,
845049369,페르난도 토레스,ST,라인 브레이커,스페인,오른발,4,밀라노 FC,첼시,리버풀,,,,,,
845051412,팀 케이힐,ST,크로스 포쳐,호주,오른발,4,상하이 선화,에버턴,,,,,,,
845135455,마이콘,RB,체이서,브라질,오른발,4,AS 로마,맨체스터 시티,롬바르디아 FC,AS 모나코,,,,,
845158023,리오넬 메시,RW,크로스 포쳐,아르헨티나,왼발,4,파리 생제르맹,FC 바르셀로나,,,,,,,
845168473,베켄바워,CB,와일드 태클러,독일,양발,5,함부르크 SV,바이에른 뮌헨,,,,,,,
845171791,주제 폰테,CB,와일드 태클러,포르투갈,오른발,3,LOSC 릴,웨스트 햄 유나이티드,사우샘프턴,크리스털 팰리스,SL 벤피카,,,,
845176580,루이스 수아레스,ST,라인 브레이커,우루과이,양발,5,FC 바르셀로나,리버풀,아약스,,,,,,
845183898,앙헬 디마리아,RW,라인 브레이커,아르헨티나,왼발,2,SL 벤피카,유벤투스,파리 생제르맹,맨체스터 유나이티드,레알 마드리드,,,,
845190048,게르트 뮐러,ST,라인 브레이커,독일,양발,5,바이에른 뮌헨,,,,,,,,
845192366,니콜라스 오타멘디,CB,와일드 태클러,아르헨티나,오른발,3,SL 벤피카,맨체스터 시티,발렌시아 CF,FC 포르투,,,,,
845201024,칼리두 쿨리발리,CB,와일드 태클러,세네갈,오른발,4,첼시,SSC 나폴리,KRC 겡크,FC 메스,,,,,
845204838,라울 히메네스,ST,크로스 포쳐,멕시코,오른발,4,풀럼,울버햄프턴 원더러스,SL 벤피카,,,,,,
845207865,마르키뉴스,CB,체이서,브라질,오른발,3,파리 생제르맹,AS 로마,,,,,,,
845208722,사디오 마네,LW,라인 브레이커,세네갈,양발,5,바이에른 뮌헨,리버풀,사우샘프턴,레드불 잘츠부르크,FC 메스,,,,
845214098,프랑크 레이카르트,CB,와일드 태클러,네덜란드,오른발,4,아약스,밀라노 FC,스포르팅 CP,,,,,,
845222481,로랑 블랑,CB,와일드 태클러,프랑스,오른발,3,맨체스터 유나이티드,롬바르디아 FC,올랭피크 마르세유,FC 바르셀로나,AS 생테티엔,SSC 나폴리,몽펠리에 HSC,,
845224232,니콜로 바렐라,CM,체이서,이탈리아,오른발,3,롬바르디아 FC,칼리아리,,,,,,,
845225508,에릭 바이,CB,와일드 태클러,코트디부아르,오른발,3,비야레알 CF,맨체스터 유나이티드,올랭피크 마르세유,RCD 에스파뇰,,,,,
845226035,조던 모리스,ST,라인 브레이커,미국,오른발,3,,,,,,,,,
845231478,라우타로,ST,라인 브레이커,아르헨티나,양발,5,롬바르디아 FC,,,,,,,,
845231866,로드리,CDM,와일드 태클러,스페인,오른발,4,맨체스터 시티,비야레알 CF,,,,,,,
845232488,크리스티안 로메로,CB,와일드 태클러,아르헨티나,오른발,2,토트넘 홋스퍼,베르가모 칼초,제노아,유벤투스,,,,,
845237255,마일스 로빈슨,CB,와일드 태클러,미국,오른발,4,,,,,,,,,
845239301,L. 마르티네스,CB,와일드 태클러,아르헨티나,왼발,3,맨체스터 유나이티드,아약스,,,,,,,
845244349,요안 바스케스,CB,와일드 태클러,멕시코,왼발,2,제노아,,,,,,,,
845245152,S. 히메네스,ST,라인 브레이커,멕시코,왼발,3,밀라노 FC,페예노르트,,,,,,,
845246191,훌리안 알바레스,CF,라인 브레이커,아르헨티나,오른발,4,맨체스터 시티,,,,,,,,
845252802,윌프리드 싱고,RB,체이서,코트디부아르,오른발,3,갈라타사라이,AS 모나코,토리노,,,,,,
846000250,데이비드 베컴,CM,2개의 심장,잉글랜드,오른발,4,파리 생제르맹,밀라노 FC,LA 갤럭시,레알 마드리드,맨체스터 유나이티드,,,,
846001551,뤼도비크 지울리,RW,라인 브레이커,프랑스,오른발,4,FC 로리앙,AS 모나코,파리 생제르맹,AS 로마,FC 바르셀로나,올랭피크 리옹,,,
846005471,프랭크 램파드,CM,파이터,잉글랜드,오른발,4,맨체스터 시티,첼시,웨스트 햄 유나이티드,,,,,,
846005661,페르난도 모리엔테스,ST,크로스 포쳐,스페인,양발,5,올랭피크 마르세유,발렌시아 CF,리버풀,AS 모나코,레알 마드리드,,,,
846005740,야프 스탐,CB,파이터,네덜란드,오른발,3,아약스,밀라노 FC,라티움,맨체스터 유나이티드,,,,,
846013743,스티븐 제라드,CM,크로스 포쳐,잉글랜드,오른발,4,LA 갤럭시,리버풀,,,,,,,
846020289,야야 투레,CM,크로스 포쳐,코트디부아르,오른발,4,맨체스터 시티,FC 바르셀로나,AS 모나코,,,,,,
846020801,크리스티아누 호날두,ST,크로스 포쳐,포르투갈,양발,5,맨체스터 유나이티드,유벤투스,레알 마드리드,스포르팅 CP,,,,,
846031432,디디에 드로그바,ST,크로스 포쳐,코트디부아르,양발,5,첼시,갈라타사라이,상하이 선화,올랭피크 마르세유,,,,,
846044897,예지 두덱,GK,GK 빠른 반응,폴란드,왼발,3,레알 마드리드,리버풀,페예노르트,,,,,,
846045197,샤비 알론소,CDM,와일드 태클러,스페인,오른발,4,바이에른 뮌헨,레알 마드리드,리버풀,SD 에이바르,레알 소시에다드,,,,
846121939,필립 람,RB,와일드 태클러,독일,양발,5,VfB 슈투트가르트,바이에른 뮌헨,,,,,,,
846138412,제임스 밀너,CM,2개의 심장,잉글랜드,오른발,4,브라이턴 호브 앨비언,리버풀,맨체스터 시티,애스턴 빌라,뉴캐슬 유나이티드,리즈 유나이티드,,,
846139720,빈센트 콤파니,CB,와일드 태클러,벨기에,오른발,3,맨체스터 시티,함부르크 SV,,,,,,,
846156616,프랑크 리베리,LW,아크로바틱 피니셔,프랑스,양발,5,피오렌티나,바이에른 뮌헨,올랭피크 마르세유,갈라타사라이,FC 메스,,,,
846165153,카림 벤제마,ST,크로스 포쳐,프랑스,양발,5,레알 마드리드,올랭피크 리옹,,,,,,,
846170890,블레즈 마튀이디,CM,체이서,프랑스,왼발,3,유벤투스,파리 생제르맹,AS 생테티엔,,,,,,
846173731,가레스 베일,RW,라인 브레이커,웨일스,왼발,3,토트넘 홋스퍼,레알 마드리드,사우샘프턴,,,,,,
846176944,마루안 펠라이니,CM,크로스 포쳐,벨기에,오른발,3,산둥 타이산,맨체스터 유나이티드,에버턴,,,,,,
846177003,루카 모드리치,CM,2개의 심장,크로아티아,양발,5,밀라노 FC,레알 마드리드,토트넘 홋스퍼,디나모 자그레브,,,,,
846181291,조르지뇨 베이날둠,CM,크로스 포쳐,네덜란드,오른발,4,파리 생제르맹,AS 로마,리버풀,뉴캐슬 유나이티드,페예노르트,,,,
846183277,에덴 아자르,CAM,라인 브레이커,벨기에,양발,5,레알 마드리드,첼시,LOSC 릴,,,,,,
846184943,하미레스,LM,2개의 심장,브라질,오른발,3,첼시,SL 벤피카,,,,,,,
846186627,마리오 발로텔리,ST,크로스 포쳐,이탈리아,오른발,4,제노아,올랭피크 마르세유,OGC 니스,리버풀,밀라노 FC,맨체스터 시티,롬바르디아 FC,,
846188335,안테 부디미르,ST,크로스 포쳐,크로아티아,왼발,4,오사수나,RCD 마요르카,삼프도리아,,,,,,
846188545,레반도프스키,ST,크로스 포쳐,폴란드,양발,5,FC 바르셀로나,바이에른 뮌헨,보루시아 도르트문트,,,,,,
846188567,P. 오바메양,LW,크로스 포쳐,가봉,오른발,4,올랭피크 마르세유,첼시,FC 바르셀로나,아스널,보루시아 도르트문트,AS 생테티엔,AS 모나코,LOSC 릴,밀라노 FC
846192505,로멜루 루카쿠,ST,크로스 포쳐,벨기에,왼발,4,SSC 나폴리,첼시,AS 로마,롬바르디아 FC,맨체스터 유나이티드,에버턴,웨스트 브로미치 앨비언,,
846193080,데헤아,GK,GK 빠른 반응,스페인,오른발,3,피오렌티나,맨체스터 유나이티드,,,,,,,
846193747,코케,CDM,2개의 심장,스페인,오른발,4,,,,,,,,,
846199564,세르지 로베르토,CM,크로스 포쳐,스페인,오른발,4,FC 바르셀로나,,,,,,,,
846200104,손흥민,LW,라인 브레이커,대한민국,양발,5,토트넘 홋스퍼,바이엘 04 레버쿠젠,함부르크 SV,,,,,,
846203376,버질 반다이크,CB,와일드 태클러,네덜란드,오른발,3,리버풀,사우샘프턴,셀틱,,,,,,
846208421,사울,CM,와일드 태클러,스페인,왼발,4,세비야 FC,첼시,,,,,,,
846208722,사디오 마네,LW,라인 브레이커,세네갈,양발,5,바이에른 뮌헨,리버풀,사우샘프턴,레드불 잘츠부르크,FC 메스,,,,
846210514,주앙 칸셀루,RB,와일드 태클러,포르투갈,오른발,4,FC 바르셀로나,맨체스터 시티,바이에른 뮌헨,유벤투스,롬바르디아 FC,발렌시아 CF,SL 벤피카,,
846211110,파울로 디발라,CAM,크로스 포쳐,아르헨티나,왼발,3,AS 로마,유벤투스,,,,,,,
846211117,델리 알리,CAM,크로스 포쳐,잉글랜드,오른발,3,에버턴,토트넘 홋스퍼,,,,,,,
846212831,알리송,GK,GK 빠른 반응,브라질,오른발,3,리버풀,AS 로마,,,,,,,
846213135,디보크 오리기,ST,크로스 포쳐,벨기에,양발,5,밀라노 FC,리버풀,VfL 볼프스부르크,LOSC 릴,,,,,
846214997,앙헬 코레아,RW,크로스 포쳐,아르헨티나,오른발,4,,,,,,,,,
846216267,앤드루 로버트슨,LB,파이터,스코틀랜드,왼발,2,리버풀,,,,,,,,
846216460,J. 히메네스,CB,와일드 태클러,우루과이,오른발,3,,,,,,,,,
846225953,스테번 베르흐바인,CF,라인 브레이커,네덜란드,오른발,3,아약스,토트넘 홋스퍼,,,,,,,
846228618,페를랑 멘디,LB,체이서,프랑스,양발,5,레알 마드리드,올랭피크 리옹,,,,,,,
846231281,T. 알렉산더-아놀드,RB,와일드 태클러,잉글랜드,오른발,4,레알 마드리드,리버풀,,,,,,,
846231677,마커스 래시포드,LW,라인 브레이커,잉글랜드,오른발,3,FC 바르셀로나,맨체스터 유나이티드,애스턴 빌라,,,,,,
846237238,스콧 맥토미니,CM,와일드 태클러,스코틀랜드,오른발,3,SSC 나폴리,맨체스터 유나이티드,,,,,,,
846242519,에우제비우,CF,라인 브레이커,포르투갈,양발,5,SL 벤피카,,,,,,,,
846243812,호드리구,RW,크로스 포쳐,브라질,오른발,4,레알 마드리드,,,,,,,,
848000240,로이 킨,CDM,와일드 태클러,아일랜드,오른발,3,셀틱,맨체스터 유나이티드,,,,,,,
848000246,폴 스콜스,CM,아크로바틱 피니셔,잉글랜드,오른발,4,맨체스터 유나이티드,,,,,,,,
848000488,올리버 칸,GK,GK 빠른 반응,독일,오른발,2,바이에른 뮌헨,,,,,,,,
848001041,하비에르 사네티,CDM,2개의 심장,아르헨티나,오른발,4,롬바르디아 FC,,,,,,,,
848001419,파트리크 비에이라,CDM,와일드 태클러,프랑스,오른발,3,맨체스터 시티,롬바르디아 FC,유벤투스,아스널,밀라노 FC,,,,
848001625,티에리 앙리,ST,라인 브레이커,프랑스,오른발,4,아스널,FC 바르셀로나,유벤투스,AS 모나코,,,,,
848001668,클로드 마켈렐레,CDM,와일드 태클러,프랑스,오른발,3,파리 생제르맹,첼시,레알 마드리드,셀타 비고,올랭피크 마르세유,FC 낭트,,,
848005740,야프 스탐,CB,와일드 태클러,네덜란드,오른발,3,아약스,밀라노 FC,라티움,맨체스터 유나이티드,,,,,
848007289,리오 퍼디난드,CB,와일드 태클러,잉글랜드,오른발,3,맨체스터 유나이티드,리즈 유나이티드,웨스트 햄 유나이티드,,,,,,
848007512,에르난 크레스포,ST,라인 브레이커,아르헨티나,양발,5,파르마,제노아,롬바르디아 FC,밀라노 FC,첼시,라티움,,,
848009676,사뮈엘 에토,ST,라인 브레이커,카메룬,오른발,4,삼프도리아,에버턴,첼시,롬바르디아 FC,FC 바르셀로나,RCD 마요르카,레알 마드리드,RCD 에스파뇰,
848013038,카를레스 푸욜,CB,와일드 태클러,스페인,오른발,3,FC 바르셀로나,,,,,,,,
848016619,이반 코르도바,CB,와일드 태클러,콜롬비아,오른발,3,롬바르디아 FC,,,,,,,,
848020801,크리스티아누 호날두,ST,크로스 포쳐,포르투갈,양발,5,맨체스터 유나이티드,유벤투스,레알 마드리드,스포르팅 CP,,,,,
848030110,디미타르 베르바토프,ST,아크로바틱 피니셔,불가리아,오른발,3,AS 모나코,풀럼,맨체스터 유나이티드,토트넘 홋스퍼,바이엘 04 레버쿠젠,,,,
848031432,디디에 드로그바,ST,크로스 포쳐,코트디부아르,오른발,4,첼시,갈라타사라이,상하이 선화,올랭피크 마르세유,,,,,
848034079,애슐리 콜,LB,체이서,잉글랜드,왼발,3,LA 갤럭시,AS 로마,첼시,크리스털 팰리스,아스널,,,,
848037576,호나우두,ST,라인 브레이커,브라질,양발,5,밀라노 FC,레알 마드리드,롬바르디아 FC,FC 바르셀로나,,,,,
848039943,박지성,LM,라인 브레이커,대한민국,양발,5,맨체스터 유나이티드,,,,,,,,
848041236,즐라탄,ST,아크로바틱 피니셔,스웨덴,오른발,4,밀라노 FC,LA 갤럭시,맨체스터 유나이티드,파리 생제르맹,FC 바르셀로나,롬바르디아 FC,유벤투스,아약스,
848045674,마이클 에시앙,CM,2개의 심장,가나,오른발,4,밀라노 FC,레알 마드리드,첼시,올랭피크 리옹,,,,,
848120274,안토니오 디나탈레,CF,라인 브레이커,이탈리아,양발,5,우디네세,,,,,,,,
848135455,마이콘,RB,와일드 태클러,브라질,오른발,4,AS 로마,맨체스터 시티,롬바르디아 FC,AS 모나코,,,,,
848138956,조르조 키엘리니,CB,파이터,이탈리아,왼발,3,유벤투스,피오렌티나,,,,,,,
848142754,하비에르 마스체라노,CB,와일드 태클러,아르헨티나,오른발,3,FC 바르셀로나,리버풀,웨스트 햄 유나이티드,,,,,,
848165153,카림 벤제마,ST,아크로바틱 피니셔,프랑스,양발,5,레알 마드리드,올랭피크 리옹,,,,,,,
848167495,마누엘 노이어,GK,GK 빠른 반응,독일,오른발,4,바이에른 뮌헨,,,,,,,,
848167948,위고 요리스,GK,GK 빠른 반응,프랑스,왼발,1,토트넘 홋스퍼,올랭피크 리옹,OGC 니스,,,,,,
848170890,블레즈 마튀이디,CM,와일드 태클러,프랑스,왼발,3,유벤투스,파리 생제르맹,AS 생테티엔,,,,,,
848176580,루이스 수아레스,ST,라인 브레이커,우루과이,양발,5,FC 바르셀로나,리버풀,아약스,,,,,,
848178509,올리비에 지루,ST,크로스 포쳐,프랑스,왼발,3,LOSC 릴,밀라노 FC,첼시,아스널,몽펠리에 HSC,,,,
848180216,셰이머스 콜먼,RB,2개의 심장,아일랜드,오른발,4,에버턴,,,,,,,,
848180930,에딘 제코,ST,크로스 포쳐,보스니아 헤르체고비나,양발,5,피오렌티나,롬바르디아 FC,AS 로마,맨체스터 시티,VfL 볼프스부르크,,,,
848181783,마리오 만주키치,ST,크로스 포쳐,크로아티아,오른발,4,밀라노 FC,유벤투스,바이에른 뮌헨,VfL 볼프스부르크,디나모 자그레브,,,,
848184941,알렉시스 산체스,LW,2개의 심장,칠레,오른발,4,세비야 FC,우디네세,롬바르디아 FC,올랭피크 마르세유,맨체스터 유나이티드,아스널,FC 바르셀로나,,
848188350,마르코 로이스,CAM,라인 브레이커,독일,양발,5,LA 갤럭시,보루시아 도르트문트,보루시아 묀헨글라트바흐,,,,,,
848188377,카일 워커,RB,체이서,잉글랜드,오른발,2,번리,맨체스터 시티,밀라노 FC,토트넘 홋스퍼,애스턴 빌라,셰필드 유나이티드,,,
848188545,레반도프스키,ST,크로스 포쳐,폴란드,양발,5,FC 바르셀로나,바이에른 뮌헨,보루시아 도르트문트,,,,,,
848189271,프랑시스 코클랭,CDM,와일드 태클러,프랑스,오른발,4,FC 낭트,비야레알 CF,발렌시아 CF,아스널,SC 프라이부르크,FC 로리앙,,,
848189505,페드로,RW,라인 브레이커,스페인,양발,5,라티움,AS 로마,첼시,FC 바르셀로나,,,,,
848189513,파레호,CM,와일드 태클러,스페인,오른발,4,비야레알 CF,발렌시아 CF,헤타페 CF,레알 마드리드,,,,,
848192638,마르코스 알론소,LWB,2개의 심장,스페인,왼발,3,셀타 비고,FC 바르셀로나,첼시,피오렌티나,레알 마드리드,,,,
848194765,앙투안 그리즈만,CF,라인 브레이커,프랑스,왼발,4,FC 바르셀로나,레알 소시에다드,,,,,,,
848200104,손흥민,LW,라인 브레이커,대한민국,양발,5,토트넘 홋스퍼,바이엘 04 레버쿠젠,함부르크 SV,,,,,,
848200145,카제미루,CDM,와일드 태클러,브라질,오른발,3,맨체스터 유나이티드,레알 마드리드,FC 포르투,,,,,,
848201942,호베르투 피르미누,CF,크로스 포쳐,브라질,양발,5,리버풀,TSG 호펜하임,,,,,,,
848202126,해리 케인,ST,아크로바틱 피니셔,잉글랜드,양발,5,바이에른 뮌헨,토트넘 홋스퍼,레스터 시티,,,,,,
848202652,라힘 스털링,RW,라인 브레이커,잉글랜드,오른발,4,페예노르트,첼시,아스널,맨체스터 시티,리버풀,,,,
848203376,버질 반다이크,CB,체이서,네덜란드,오른발,3,리버풀,사우샘프턴,셀틱,,,,,,
848204923,마르셀 자비처,RW,크로스 포쳐,오스트리아,오른발,4,보루시아 도르트문트,바이에른 뮌헨,맨체스터 유나이티드,RB 라이프치히,레드불 잘츠부르크,,,,
848204963,카르바할,RB,2개의 심장,스페인,오른발,3,레알 마드리드,바이엘 04 레버쿠젠,,,,,,,
848206113,세르주 그나브리,RW,라인 브레이커,독일,양발,5,바이에른 뮌헨,TSG 호펜하임,베르더 브레멘,아스널,웨스트 브로미치 앨비언,,,,
848208722,사디오 마네,LW,라인 브레이커,세네갈,양발,5,바이에른 뮌헨,리버풀,사우샘프턴,레드불 잘츠부르크,FC 메스,,,,
848209331,모하메드 살라,RW,라인 브레이커,이집트,왼발,4,리버풀,AS 로마,첼시,피오렌티나,,,,,
848209499,파비뉴,CDM,와일드 태클러,브라질,오른발,2,리버풀,AS 모나코,레알 마드리드,,,,,,
848211117,델리 알리,CAM,크로스 포쳐,잉글랜드,오른발,4,에버턴,토트넘 홋스퍼,,,,,,,
848211688,가야,LB,체이서,스페인,왼발,3,발렌시아 CF,,,,,,,,
848212188,티모 베르너,ST,라인 브레이커,독일,오른발,4,RB 라이프치히,토트넘 홋스퍼,첼시,VfB 슈투트가르트,,,,,
848212242,로베르트 안드리히,CDM,와일드 태클러,독일,오른발,4,바이엘 04 레버쿠젠,헤르타 BSC,,,,,,,
848215914,은골로 캉테,CDM,체이서,프랑스,오른발,3,첼시,레스터 시티,,,,,,,
848216267,앤드루 로버트슨,LB,2개의 심장,스코틀랜드,왼발,2,리버풀,,,,,,,,
848216435,S. 로보트카,CDM,와일드 태클러,슬로바키아,오른발,4,SSC 나폴리,셀타 비고,아약스,,,,,,
848216549,A. 쇨로트,ST,크로스 포쳐,노르웨이,왼발,4,비야레알 CF,RB 라이프치히,레알 소시에다드,크리스털 팰리스,,,,,
848217870,조반니 디로렌초,RB,파이터,이탈리아,오른발,4,SSC 나폴리,,,,,,,,
848220440,클레망 랑글레,CB,와일드 태클러,프랑스,왼발,4,FC 바르셀로나,애스턴 빌라,토트넘 홋스퍼,세비야 FC,,,,,
848222492,리로이 사네,LW,라인 브레이커,독일,왼발,3,갈라타사라이,바이에른 뮌헨,맨체스터 시티,,,,,,
848224232,니콜로 바렐라,CM,2개의 심장,이탈리아,오른발,3,롬바르디아 FC,칼리아리,,,,,,,
848224411,곤살루 게드스,LW,라인 브레이커,포르투갈,오른발,4,레알 소시에다드,울버햄프턴 원더러스,비야레알 CF,SL 벤피카,발렌시아 CF,파리 생제르맹,,,
848225439,롤란도 만드라고라,CDM,아크로바틱 피니셔,이탈리아,왼발,3,피오렌티나,토리노,우디네세,유벤투스,제노아,,,,
848226161,마르코스 요렌테,CM,2개의 심장,스페인,양발,5,레알 마드리드,데포르티보 알라베스,,,,,,,
848226754,이스마엘 벤나세르,CDM,파이터,알제리,왼발,3,디나모 자그레브,밀라노 FC,올랭피크 마르세유,아스널,,,,,
848227236,A. 잠보 앙기사,CM,와일드 태클러,카메룬,오른발,3,SSC 나폴리,풀럼,비야레알 CF,올랭피크 마르세유,스타드 랭스,,,,
848228618,페를랑 멘디,LB,와일드 태클러,프랑스,양발,5,레알 마드리드,올랭피크 리옹,,,,,,,
848230666,가브리엘 제주스,ST,라인 브레이커,브라질,오른발,4,아스널,맨체스터 시티,,,,,,,
848230938,F. 케시에,CM,와일드 태클러,코트디부아르,오른발,4,FC 바르셀로나,밀라노 FC,베르가모 칼초,,,,,,
848231478,라우타로,ST,라인 브레이커,아르헨티나,양발,5,롬바르디아 FC,,,,,,,,
848231521,E. 팔라시오스,CDM,와일드 태클러,아르헨티나,오른발,4,바이엘 04 레버쿠젠,,,,,,,,
848232293,빅터 오시멘,ST,크로스 포쳐,나이지리아,오른발,4,갈라타사라이,SSC 나폴리,LOSC 릴,VfL 볼프스부르크,,,,,
848232363,밀란 슈크리니아르,CB,와일드 태클러,슬로바키아,오른발,3,파리 생제르맹,롬바르디아 FC,삼프도리아,,,,,,
848232756,피카요 토모리,CB,와일드 태클러,잉글랜드,오른발,4,밀라노 FC,첼시,브라이턴 호브 앨비언,,,,,,
848232805,베르나르두,RB,체이서,브라질,왼발,3,TSG 호펜하임,레드불 잘츠부르크,브라이턴 호브 앨비언,RB 라이프치히,,,,,
848234396,알폰소 데이비스,LB,체이서,캐나다,왼발,4,바이에른 뮌헨,,,,,,,,
848237086,김민재,CB,체이서,대한민국,오른발,3,바이에른 뮌헨,SSC 나폴리,전북 현대 모터스,,,,,,
848237383,A. 바스토니,CB,와일드 태클러,이탈리아,왼발,3,롬바르디아 FC,파르마,베르가모 칼초,,,,,,
848238794,비니시우스,LW,라인 브레이커,브라질,오른발,4,레알 마드리드,,,,,,,,
848239053,페데리코 발베르데,CM,2개의 심장,우루과이,오른발,4,레알 마드리드,,,,,,,,
848239085,엘링 홀란,ST,라인 브레이커,노르웨이,왼발,4,맨체스터 시티,보루시아 도르트문트,레드불 잘츠부르크,,,,,,
848239818,후벵 디아스,CB,와일드 태클러,포르투갈,오른발,4,맨체스터 시티,SL 벤피카,,,,,,,
848241096,산드로 토날리,CDM,2개의 심장,이탈리아,오른발,4,뉴캐슬 유나이티드,밀라노 FC,,,,,,,
848247635,크바라츠헬리아,LW,라인 브레이커,조지아,양발,5,파리 생제르맹,SSC 나폴리,,,,,,,
848247679,V. 보니페이스,ST,라인 브레이커,나이지리아,오른발,4,베르더 브레멘,바이엘 04 레버쿠젠,,,,,,,
848252154,M. 카르네세키,GK,GK 빠른 반응,이탈리아,오른발,3,베르가모 칼초,,,,,,,,
848255654,P. 칼룰루,CB,와일드 태클러,프랑스,오른발,3,유벤투스,밀라노 FC,올랭피크 리옹,,,,,,
848260697,이사크 히엔,CB,와일드 태클러,스웨덴,오른발,3,베르가모 칼초,엘라스 베로나,,,,,,,
848278340,P. 코무초,CB,와일드 태클러,이탈리아,오른발,2,피오렌티나,,,,,,,,
851073078,사노 가이슈,CDM,2개의 심장,일본,오른발,3,,,,,,,,,
851186146,대니 웰벡,ST,크로스 포쳐,잉글랜드,오른발,4,브라이턴 호브 앨비언,왓퍼드,아스널,맨체스터 유나이티드,,,,,
851192678,키케 가르시아,ST,크로스 포쳐,스페인,양발,5,RCD 에스파뇰,데포르티보 알라베스,오사수나,SD 에이바르,미들즈브러,,,,
851192883,헨릭 미키타리안,CM,2개의 심장,아르메니아,양발,5,롬바르디아 FC,AS 로마,아스널,맨체스터 유나이티드,보루시아 도르트문트,샤흐타르 도네츠크,,,
851193474,이드리사 게예,CDM,와일드 태클러,세네갈,오른발,3,에버턴,파리 생제르맹,애스턴 빌라,LOSC 릴,,,,,
851194765,앙투안 그리즈만,CF,라인 브레이커,프랑스,왼발,4,FC 바르셀로나,레알 소시에다드,,,,,,,
851197031,마르빈 두크슈,ST,라인 브레이커,독일,오른발,4,베르더 브레멘,보루시아 도르트문트,,,,,,,
851202024,레모 프로일러,CDM,와일드 태클러,스위스,오른발,3,볼로냐,베르가모 칼초,,,,,,,
851204838,라울 히메네스,ST,크로스 포쳐,멕시코,오른발,4,풀럼,울버햄프턴 원더러스,SL 벤피카,,,,,,
851204935,조던 픽포드,GK,GK 빠른 반응,잉글랜드,왼발,4,에버턴,,,,,,,,
851208461,마르턴 더론,CDM,2개의 심장,네덜란드,오른발,3,베르가모 칼초,미들즈브러,,,,,,,
851210697,C. 뇌르고르,CDM,2개의 심장,덴마크,오른발,3,아스널,피오렌티나,함부르크 SV,,,,,,
851211378,잭슨 어바인,CM,2개의 심장,호주,오른발,3,셀틱,,,,,,,,
851216199,파트리크 마인카,CB,와일드 태클러,독일,오른발,3,보루시아 도르트문트,베르더 브레멘,아르미니아 빌레펠트,,,,,,
851216201,이냐키 윌리암스,RW,라인 브레이커,가나,오른발,3,아틀레틱 빌바오,,,,,,,,
851216354,A. 크라마리치,CAM,크로스 포쳐,크로아티아,오른발,4,TSG 호펜하임,레스터 시티,디나모 자그레브,,,,,,
851216435,S. 로보트카,CDM,2개의 심장,슬로바키아,오른발,4,SSC 나폴리,셀타 비고,아약스,,,,,,
851218667,베르나르두 실바,CAM,2개의 심장,포르투갈,왼발,3,맨체스터 시티,AS 모나코,SL 벤피카,,,,,,
851220414,디에고 리코,LB,와일드 태클러,스페인,왼발,2,헤타페 CF,레알 소시에다드,,,,,,,
851220651,앙헬리뇨,LWB,2개의 심장,스페인,왼발,3,AS 로마,갈라타사라이,TSG 호펜하임,RB 라이프치히,맨체스터 시티,RCD 마요르카,,,
851221671,이재성,CAM,2개의 심장,대한민국,왼발,4,전북 현대 모터스,,,,,,,,
851221697,올리 왓킨스,ST,크로스 포쳐,잉글랜드,오른발,4,애스턴 빌라,,,,,,,,
851222028,율리안 바이글,CDM,2개의 심장,독일,오른발,3,보루시아 묀헨글라트바흐,SL 벤피카,보루시아 도르트문트,,,,,,
851223334,조엘린통,CM,와일드 태클러,브라질,오른발,4,뉴캐슬 유나이티드,TSG 호펜하임,,,,,,,
851223710,베다트 무리치,ST,크로스 포쳐,코소보,왼발,3,RCD 마요르카,라티움,,,,,,,
851224294,루이스 쿡,CDM,파이터,잉글랜드,오른발,4,리즈 유나이티드,,,,,,,,
851224371,재러드 보언,RW,라인 브레이커,잉글랜드,왼발,4,웨스트 햄 유나이티드,,,,,,,,
851224656,올라 에이나,RB,체이서,나이지리아,오른발,4,토리노,풀럼,첼시,,,,,,
851225539,도미닉 솔랑키,ST,크로스 포쳐,잉글랜드,오른발,4,토트넘 홋스퍼,리버풀,첼시,,,,,,
851226161,마르코스 요렌테,RB,2개의 심장,스페인,양발,5,레알 마드리드,데포르티보 알라베스,,,,,,,
851226168,M. 에게슈타인,CDM,2개의 심장,독일,오른발,4,SC 프라이부르크,베르더 브레멘,,,,,,,
851229880,에런 완-비사카,RB,체이서,잉글랜드,오른발,2,웨스트 햄 유나이티드,맨체스터 유나이티드,크리스털 팰리스,,,,,,
851230872,밀레 스빌라르,GK,GK 빠른 반응,세르비아,오른발,3,AS 로마,SL 벤피카,,,,,,,
851231416,도디 루케바키오,RW,라인 브레이커,벨기에,왼발,3,SL 벤피카,세비야 FC,헤르타 BSC,VfL 볼프스부르크,왓퍼드,,,,
851232665,마우로 아람바리,CDM,크로스 포쳐,우루과이,오른발,3,헤타페 CF,,,,,,,,
851232711,옌센 스타에,CM,2개의 심장,덴마크,오른발,4,베르더 브레멘,FC 코펜하겐,,,,,,,
851233301,R. 크리스텐센,RB,2개의 심장,덴마크,오른발,4,아인트라흐트 프랑크푸르트,리즈 유나이티드,AS 로마,레드불 잘츠부르크,아약스,,,,
851234112,도도,RWB,체이서,브라질,오른발,3,피오렌티나,샤흐타르 도네츠크,,,,,,,
851234574,디오구 달로,RWB,와일드 태클러,포르투갈,오른발,4,맨체스터 유나이티드,밀라노 FC,FC 포르투,,,,,,
851234575,디오구 레이트,CB,와일드 태클러,포르투갈,왼발,3,FC 포르투,,,,,,,,
851234730,발랑탕 로지에,RB,와일드 태클러,프랑스,오른발,2,오사수나,OGC 니스,스포르팅 CP,,,,,,
851234824,요안 위사,ST,라인 브레이커,콩고 민주 공화국,오른발,4,뉴캐슬 유나이티드,FC 로리앙,앙제 SCO,,,,,,
851235297,마투시 베로,CM,2개의 심장,슬로바키아,오른발,4,,,,,,,,,
851235353,이스마일라 사르,CAM,라인 브레이커,세네갈,오른발,3,크리스털 팰리스,올랭피크 마르세유,왓퍼드,스타드 렌,FC 메스,,,,
851235781,산티 코메사냐,CM,와일드 태클러,스페인,양발,5,비야레알 CF,,,,,,,,
851236401,누사이르 마즈라위,RWB,와일드 태클러,모로코,오른발,4,맨체스터 유나이티드,바이에른 뮌헨,아약스,,,,,,
851236403,에반 은디카,CB,파이터,코트디부아르,왼발,3,AS 로마,아인트라흐트 프랑크푸르트,,,,,,,
851236461,장-필리프 마테타,ST,크로스 포쳐,프랑스,양발,5,크리스털 팰리스,올랭피크 리옹,,,,,,,
851236496,마테오 겐두지,CM,파이터,프랑스,오른발,3,라티움,올랭피크 마르세유,헤르타 BSC,아스널,FC 로리앙,,,,
851236792,토마시 소우체크,CDM,2개의 심장,체코,오른발,3,웨스트 햄 유나이티드,,,,,,,,
851237646,다니엘 무뇨스,RB,체이서,콜롬비아,오른발,3,크리스털 팰리스,KRC 겡크,,,,,,,
851237712,V. 카스테야노스,ST,아크로바틱 피니셔,아르헨티나,오른발,3,웨스트 햄 유나이티드,라티움,,,,,,,
851237942,P. 에스투피냔,LB,체이서,에콰도르,왼발,3,밀라노 FC,브라이턴 호브 앨비언,비야레알 CF,왓퍼드,오사수나,RCD 마요르카,그라나다 CF,우디네세,
851238756,J. 라르센,ST,크로스 포쳐,노르웨이,오른발,3,크리스털 팰리스,울버햄프턴 원더러스,셀타 비고,밀라노 FC,,,,,
851238900,E. 데미로비치,ST,아크로바틱 피니셔,보스니아 헤르체고비나,오른발,4,VfB 슈투트가르트,FC 아우크스부르크,SC 프라이부르크,데포르티보 알라베스,RB 라이프치히,,,,
851239231,마르크 쿠쿠레야,LB,2개의 심장,스페인,왼발,3,첼시,브라이턴 호브 앨비언,헤타페 CF,FC 바르셀로나,SD 에이바르,,,,
851239367,로빈 하크,LW,라인 브레이커,독일,오른발,4,보루시아 묀헨글라트바흐,아르미니아 빌레펠트,TSG 호펜하임,,,,,,
851240359,오마르 알데레테,CB,파이터,파라과이,왼발,3,헤타페 CF,헤르타 BSC,발렌시아 CF,,,,,,
851240947,타이릭 미첼,LWB,와일드 태클러,잉글랜드,왼발,3,크리스털 팰리스,,,,,,,,
851240953,N. 테날리아,RB,파이터,아르헨티나,오른발,3,데포르티보 알라베스,,,,,,,,
851241084,루이스 디아스,LW,크로스 포쳐,콜롬비아,오른발,4,바이에른 뮌헨,리버풀,FC 포르투,,,,,,
851241096,산드로 토날리,CDM,파이터,이탈리아,오른발,4,뉴캐슬 유나이티드,밀라노 FC,,,,,,,
851241159,마크 게히,CB,와일드 태클러,잉글랜드,오른발,4,맨체스터 시티,크리스털 팰리스,첼시,,,,,,
851241522,요나스 빈,ST,크로스 포쳐,덴마크,오른발,3,VfL 볼프스부르크,FC 코펜하겐,,,,,,,
851241637,A. 추아메니,CDM,체이서,프랑스,오른발,3,레알 마드리드,AS 모나코,,,,,,,
851241721,하파엘 레앙,LW,라인 브레이커,포르투갈,오른발,4,밀라노 FC,LOSC 릴,스포르팅 CP,,,,,,
851242458,A. 도우비크,ST,크로스 포쳐,우크라이나,왼발,4,AS 로마,디나모 키이우,,,,,,,
851242633,M. 프렌드루프,CDM,체이서,덴마크,오른발,3,제노아,,,,,,,,
851242641,R. 아이트-누리,LWB,체이서,알제리,왼발,3,맨체스터 시티,울버햄프턴 원더러스,앙제 SCO,,,,,,
851243014,브라이언 음뵈모,RW,아크로바틱 피니셔,카메룬,왼발,3,맨체스터 유나이티드,,,,,,,,
851243057,니코 윌리엄스,LB,와일드 태클러,웨일스,오른발,3,리버풀,풀럼,,,,,,,
851243576,페드로 포로,RB,체이서,스페인,오른발,3,토트넘 홋스퍼,스포르팅 CP,레알 바야돌리드,맨체스터 시티,,,,,
851243580,로이스 오펜다,ST,라인 브레이커,벨기에,양발,5,유벤투스,RB 라이프치히,RC 랑스,,,,,,
851244067,막상스 라크루아,CB,와일드 태클러,프랑스,오른발,2,크리스털 팰리스,VfL 볼프스부르크,,,,,,,
851244257,J. 부르카르트,ST,크로스 포쳐,독일,양발,5,아인트라흐트 프랑크푸르트,,,,,,,,
851244349,요안 바스케스,CB,와일드 태클러,멕시코,왼발,2,제노아,,,,,,,,
851245155,모하메드 쿠두스,LW,라인 브레이커,가나,왼발,4,토트넘 홋스퍼,웨스트 햄 유나이티드,아약스,,,,,,
851245336,맥스 킬먼,CB,와일드 태클러,잉글랜드,왼발,4,웨스트 햄 유나이티드,울버햄프턴 원더러스,,,,,,,
851246618,아담 흘로제크,ST,아크로바틱 피니셔,체코,양발,5,TSG 호펜하임,바이엘 04 레버쿠젠,스파르타 프라하,,,,,,
851247851,브루누 기마랑이스,CDM,2개의 심장,브라질,오른발,3,뉴캐슬 유나이티드,올랭피크 리옹,,,,,,,
851248148,수비멘디,CDM,2개의 심장,스페인,오른발,4,아스널,레알 소시에다드,,,,,,,
851250723,K. 코네,CM,체이서,프랑스,오른발,3,AS 로마,보루시아 묀헨글라트바흐,,,,,,,
851251421,브레넌 존슨,RW,크로스 포쳐,웨일스,오른발,4,크리스털 팰리스,토트넘 홋스퍼,,,,,,,
851251566,가브리엘 마르티넬리,LW,라인 브레이커,브라질,오른발,4,아스널,,,,,,,,
851254243,엘리엇 앤더슨,CM,와일드 태클러,잉글랜드,오른발,4,뉴캐슬 유나이티드,,,,,,,,
851256292,얀 쇠프너,CDM,2개의 심장,독일,오른발,3,,,,,,,,,
851256612,에바니우송,ST,아크로바틱 피니셔,브라질,오른발,4,FC 포르투,,,,,,,,
851257191,안톤 슈타흐,CDM,체이서,독일,양발,5,리즈 유나이티드,TSG 호펜하임,,,,,,,
851257278,아르튀르 테아트,CB,파이터,벨기에,왼발,3,아인트라흐트 프랑크푸르트,스타드 렌,볼로냐,,,,,,
851257470,안토니 엘랑가,RW,라인 브레이커,스웨덴,양발,5,뉴캐슬 유나이티드,맨체스터 유나이티드,,,,,,,
851258908,얀 폴 반헤커,CB,와일드 태클러,네덜란드,오른발,3,브라이턴 호브 앨비언,토트넘 홋스퍼,블랙번 로버스,,,,,,
851259066,F. 보요모,CB,체이서,카메룬,오른발,2,오사수나,레알 바야돌리드,,,,,,,
851259197,니콜라스 잭슨,ST,라인 브레이커,세네갈,오른발,3,바이에른 뮌헨,첼시,비야레알 CF,,,,,,
851259848,J. 아람부루,RB,와일드 태클러,베네수엘라,오른발,3,레알 소시에다드,,,,,,,,
851260290,마빈 피어링어,ST,크로스 포쳐,독일,오른발,3,SC 프라이부르크,,,,,,,,
851260592,베냐민 셰슈코,ST,크로스 포쳐,슬로베니아,오른발,4,맨체스터 유나이티드,RB 라이프치히,레드불 잘츠부르크,,,,,,
851260926,케빈 샤데,LW,라인 브레이커,독일,오른발,4,SC 프라이부르크,,,,,,,,
851261654,O. 엘힐랄리,RB,와일드 태클러,모로코,오른발,3,RCD 에스파뇰,,,,,,,,
851262118,T. 리브라멘토,RB,2개의 심장,잉글랜드,오른발,4,뉴캐슬 유나이티드,사우샘프턴,첼시,,,,,,
851262394,S. 뵈케마,CB,체이서,네덜란드,오른발,3,SSC 나폴리,볼로냐,,,,,,,
851262402,세르지 카르도나,LB,체이서,스페인,왼발,3,비야레알 CF,,,,,,,,
851263765,톰 비쇼프,CM,와일드 태클러,독일,왼발,3,바이에른 뮌헨,TSG 호펜하임,,,,,,,
851264697,모하메드 아무라,CF,라인 브레이커,알제리,오른발,3,VfL 볼프스부르크,,,,,,,,
851265726,세사르 타레가,CB,파이터,스페인,오른발,3,발렌시아 CF,레알 바야돌리드,,,,,,,
851268474,로렌초 루카,ST,크로스 포쳐,이탈리아,오른발,3,SSC 나폴리,우디네세,아약스,,,,,,
851268804,마리오 힐라,CB,와일드 태클러,스페인,오른발,3,라티움,레알 마드리드,,,,,,,
851268896,H. 라르손,CM,아크로바틱 피니셔,스웨덴,오른발,3,아인트라흐트 프랑크푸르트,,,,,,,,
851269181,디에고 코폴라,CB,와일드 태클러,이탈리아,오른발,3,브라이턴 호브 앨비언,엘라스 베로나,,,,,,,
851270857,마테우스 페르난데스,CAM,2개의 심장,포르투갈,오른발,4,웨스트 햄 유나이티드,사우샘프턴,스포르팅 CP,,,,,,
851272500,카를로스 발레바,CDM,파이터,카메룬,왼발,3,브라이턴 호브 앨비언,LOSC 릴,,,,,,,
851276295,티에르노 바리,ST,크로스 포쳐,프랑스,오른발,4,에버턴,비야레알 CF,,,,,,,
851278016,무릴루,CB,체이서,브라질,왼발,3,,,,,,,,,
852000246,폴 스콜스,CM,크로스 포쳐,잉글랜드,오른발,4,맨체스터 유나이티드,,,,,,,,
852000488,올리버 칸,GK,GK 빠른 반응,독일,오른발,2,바이에른 뮌헨,,,,,,,,
852001088,알레산드로 네스타,CB,체이서,이탈리아,오른발,3,밀라노 FC,라티움,,,,,,,
852001183,파비오 칸나바로,CB,와일드 태클러,이탈리아,오른발,3,유벤투스,레알 마드리드,롬바르디아 FC,파르마,SSC 나폴리,,,,
852001419,파트리크 비에이라,CDM,2개의 심장,프랑스,오른발,3,맨체스터 시티,롬바르디아 FC,유벤투스,아스널,밀라노 FC,,,,
852004202,젠나로 가투소,CDM,파이터,이탈리아,오른발,3,밀라노 FC,레인저스,,,,,,,
852004231,히바우두,CAM,크로스 포쳐,브라질,왼발,3,밀라노 FC,FC 바르셀로나,,,,,,,
852005471,프랭크 램파드,CAM,2개의 심장,잉글랜드,오른발,4,맨체스터 시티,첼시,웨스트 햄 유나이티드,,,,,,
852006235,파벨 네드베드,LM,2개의 심장,체코,양발,5,유벤투스,라티움,스파르타 프라하,,,,,,
852007518,베론,CAM,아크로바틱 피니셔,아르헨티나,오른발,4,롬바르디아 FC,첼시,맨체스터 유나이티드,라티움,파르마,삼프도리아,,,
852007826,로빈 반페르시,ST,크로스 포쳐,네덜란드,왼발,4,페예노르트,맨체스터 유나이티드,아스널,,,,,,
852009676,사뮈엘 에토,ST,크로스 포쳐,카메룬,오른발,4,삼프도리아,에버턴,첼시,롬바르디아 FC,FC 바르셀로나,RCD 마요르카,레알 마드리드,RCD 에스파뇰,
852010264,뤼트 반니스텔로이,ST,크로스 포쳐,네덜란드,오른발,3,함부르크 SV,레알 마드리드,맨체스터 유나이티드,,,,,,
852011141,미로슬라프 클로제,ST,크로스 포쳐,독일,오른발,4,라티움,바이에른 뮌헨,베르더 브레멘,,,,,,
852013383,나카타 히데토시,CAM,아크로바틱 피니셔,일본,오른발,4,피오렌티나,볼로냐,파르마,AS 로마,,,,,
852013743,스티븐 제라드,RM,아크로바틱 피니셔,잉글랜드,오른발,4,LA 갤럭시,리버풀,,,,,,,
852028765,제 호베르투,CM,2개의 심장,브라질,왼발,3,함부르크 SV,바이에른 뮌헨,바이엘 04 레버쿠젠,레알 마드리드,,,,,
852031432,디디에 드로그바,ST,크로스 포쳐,코트디부아르,오른발,4,첼시,갈라타사라이,상하이 선화,올랭피크 마르세유,,,,,
852034079,애슐리 콜,LB,체이서,잉글랜드,왼발,3,LA 갤럭시,AS 로마,첼시,크리스털 팰리스,아스널,,,,
852037576,호나우두,ST,아크로바틱 피니셔,브라질,양발,5,밀라노 FC,레알 마드리드,롬바르디아 FC,FC 바르셀로나,,,,,
852053302,다니엘레 데로시,CDM,파이터,이탈리아,오른발,4,AS 로마,,,,,,,,
852138123,에스테반 캄비아소,CDM,2개의 심장,아르헨티나,왼발,4,레스터 시티,롬바르디아 FC,레알 마드리드,,,,,,
852150418,마리오 고메스,ST,크로스 포쳐,독일,오른발,4,VfB 슈투트가르트,VfL 볼프스부르크,피오렌티나,바이에른 뮌헨,,,,,
852166149,우고 산체스,ST,크로스 포쳐,멕시코,왼발,4,레알 마드리드,,,,,,,,
852166676,루디 펠러,ST,라인 브레이커,독일,오른발,4,바이엘 04 레버쿠젠,올랭피크 마르세유,AS 로마,베르더 브레멘,,,,,
852167198,에릭 칸토나,CF,아크로바틱 피니셔,프랑스,오른발,4,맨체스터 유나이티드,리즈 유나이티드,몽펠리에 HSC,올랭피크 마르세유,,,,,
852170320,L. 데실베스트리,RB,체이서,이탈리아,오른발,3,볼로냐,토리노,삼프도리아,피오렌티나,라티움,,,,
852171877,마레크 함시크,CAM,2개의 심장,슬로바키아,양발,5,SSC 나폴리,,,,,,,,
852176580,루이스 수아레스,ST,크로스 포쳐,우루과이,양발,5,FC 바르셀로나,리버풀,아약스,,,,,,
852176944,마루안 펠라이니,CM,파이터,벨기에,오른발,3,산둥 타이산,맨체스터 유나이티드,에버턴,,,,,,
852178509,올리비에 지루,ST,크로스 포쳐,프랑스,왼발,3,LOSC 릴,밀라노 FC,첼시,아스널,몽펠리에 HSC,,,,
852183711,조던 헨더슨,CDM,체이서,잉글랜드,오른발,3,아약스,리버풀,,,,,,,
852186942,일카이 귄도안,CM,아크로바틱 피니셔,독일,오른발,4,갈라타사라이,맨체스터 시티,FC 바르셀로나,보루시아 도르트문트,,,,,
852188350,마르코 로이스,CAM,라인 브레이커,독일,양발,5,LA 갤럭시,보루시아 도르트문트,보루시아 묀헨글라트바흐,,,,,,
852188545,레반도프스키,ST,크로스 포쳐,폴란드,양발,5,FC 바르셀로나,바이에른 뮌헨,보루시아 도르트문트,,,,,,
852188567,P. 오바메양,ST,크로스 포쳐,가봉,오른발,4,올랭피크 마르세유,첼시,FC 바르셀로나,아스널,보루시아 도르트문트,AS 생테티엔,AS 모나코,LOSC 릴,밀라노 FC
852189505,페드로,LW,라인 브레이커,스페인,양발,5,라티움,AS 로마,첼시,FC 바르셀로나,,,,,
852189596,토마스 뮐러,RW,크로스 포쳐,독일,양발,5,바이에른 뮌헨,,,,,,,,
852190048,게르트 뮐러,ST,크로스 포쳐,독일,양발,5,바이에른 뮌헨,,,,,,,,
852191189,로타어 마테우스,CM,2개의 심장,독일,양발,5,바이에른 뮌헨,롬바르디아 FC,보루시아 묀헨글라트바흐,,,,,,
852191208,차범근,ST,라인 브레이커,대한민국,양발,5,바이엘 04 레버쿠젠,아인트라흐트 프랑크푸르트,,,,,,,
852192387,치로 임모빌레,ST,크로스 포쳐,이탈리아,오른발,4,볼로냐,라티움,세비야 FC,토리노,보루시아 도르트문트,유벤투스,제노아,,
852197891,후안미,LW,크로스 포쳐,스페인,오른발,3,헤타페 CF,레알 베티스,카디스 CF,레알 소시에다드,사우샘프턴,,,,
852200159,S. 오르테가,GK,GK 빠른 반응,독일,오른발,4,맨체스터 시티,아르미니아 빌레펠트,,,,,,,
852204638,빌리 오르반,CB,파이터,헝가리,오른발,3,RB 라이프치히,,,,,,,,
852205070,포르투,RW,라인 브레이커,스페인,오른발,4,헤타페 CF,레알 소시에다드,발렌시아 CF,,,,,,
852205452,안토니오 뤼디거,CB,체이서,독일,오른발,3,레알 마드리드,첼시,AS 로마,VfB 슈투트가르트,,,,,
852208333,엠레 잔,CB,파이터,독일,오른발,4,보루시아 도르트문트,유벤투스,리버풀,바이엘 04 레버쿠젠,바이에른 뮌헨,,,,
852208830,제이미 바디,ST,라인 브레이커,잉글랜드,양발,5,레스터 시티,,,,,,,,
852211110,파울로 디발라,CF,아크로바틱 피니셔,아르헨티나,왼발,3,AS 로마,유벤투스,,,,,,,
852213991,제페르손 레르마,CDM,파이터,콜롬비아,오른발,4,크리스털 팰리스,레반테 UD,,,,,,,
852214100,루드 굴리트,CF,크로스 포쳐,네덜란드,양발,5,첼시,삼프도리아,밀라노 FC,페예노르트,,,,,
852214267,게리 리네커,ST,라인 브레이커,잉글랜드,오른발,4,토트넘 홋스퍼,FC 바르셀로나,에버턴,레스터 시티,,,,,
852216201,이냐키 윌리암스,RW,아크로바틱 피니셔,가나,오른발,3,아틀레틱 빌바오,,,,,,,,
852222492,리로이 사네,LW,라인 브레이커,독일,왼발,3,갈라타사라이,바이에른 뮌헨,맨체스터 시티,,,,,,
852223885,알렉산더 뉘벨,GK,GK 빠른 반응,독일,양발,5,VfB 슈투트가르트,바이에른 뮌헨,AS 모나코,,,,,,
852224179,보르하 이글레시아스,ST,크로스 포쳐,스페인,오른발,3,셀타 비고,레알 베티스,바이엘 04 레버쿠젠,RCD 에스파뇰,비야레알 CF,,,,
852225375,콘라트 라이머,CDM,체이서,오스트리아,오른발,3,바이에른 뮌헨,RB 라이프치히,레드불 잘츠부르크,,,,,,
852225659,기도 로드리게스,CDM,와일드 태클러,아르헨티나,오른발,4,발렌시아 CF,웨스트 햄 유나이티드,레알 베티스,,,,,,
852225782,A. 메이틀랜드-나일스,RWB,체이서,잉글랜드,오른발,3,올랭피크 리옹,사우샘프턴,아스널,AS 로마,웨스트 브로미치 앨비언,,,,
852226790,윌프레드 은디디,CDM,2개의 심장,나이지리아,오른발,4,레스터 시티,KRC 겡크,,,,,,,
852228295,롭 홀딩,CB,파이터,잉글랜드,오른발,3,크리스털 팰리스,셰필드 유나이티드,아스널,,,,,,
852228579,베냐민 헨릭스,RB,체이서,독일,오른발,4,RB 라이프치히,AS 모나코,바이엘 04 레버쿠젠,,,,,,
852228702,프렝키 더용,CM,크로스 포쳐,네덜란드,오른발,3,FC 바르셀로나,아약스,,,,,,,
852228941,안드레 실바,ST,크로스 포쳐,포르투갈,오른발,3,엘체 CF,RB 라이프치히,베르더 브레멘,레알 소시에다드,아인트라흐트 프랑크푸르트,밀라노 FC,세비야 FC,FC 포르투,
852229880,에런 완-비사카,RB,와일드 태클러,콩고 민주 공화국,오른발,2,웨스트 햄 유나이티드,맨체스터 유나이티드,크리스털 팰리스,,,,,,
852230025,보비 찰턴,LW,2개의 심장,잉글랜드,양발,5,맨체스터 유나이티드,,,,,,,,
852230666,가브리엘 제주스,ST,크로스 포쳐,브라질,오른발,4,아스널,맨체스터 시티,,,,,,,
852231184,구루세타,ST,크로스 포쳐,스페인,오른발,4,아틀레틱 빌바오,,,,,,,,
852231207,존 루쿠미,CB,체이서,콜롬비아,왼발,4,볼로냐,KRC 겡크,,,,,,,
852232119,차을라르 쇠윈쥐,CB,체이서,튀르키예,오른발,4,레스터 시티,SC 프라이부르크,,,,,,,
852232411,C. 은쿤쿠,CF,라인 브레이커,프랑스,오른발,4,밀라노 FC,첼시,RB 라이프치히,파리 생제르맹,,,,,
852233419,하피냐,LW,라인 브레이커,브라질,왼발,4,FC 바르셀로나,리즈 유나이티드,스타드 렌,스포르팅 CP,,,,,
852233486,로뱅 르노르망,CB,와일드 태클러,스페인,오른발,3,레알 소시에다드,,,,,,,,
852233700,잔루카 비알리,ST,크로스 포쳐,이탈리아,양발,5,첼시,유벤투스,삼프도리아,,,,,,
852233731,알렉산데르 이사크,ST,아크로바틱 피니셔,스웨덴,양발,5,리버풀,뉴캐슬 유나이티드,레알 소시에다드,보루시아 도르트문트,,,,,
852234574,디오구 달로,RB,체이서,포르투갈,오른발,4,맨체스터 유나이티드,밀라노 FC,FC 포르투,,,,,,
852235353,이스마일라 사르,CAM,크로스 포쳐,세네갈,오른발,3,크리스털 팰리스,올랭피크 마르세유,왓퍼드,스타드 렌,FC 메스,,,,
852236461,장-필리프 마테타,ST,크로스 포쳐,프랑스,오른발,4,크리스털 팰리스,올랭피크 리옹,,,,,,,
852237238,스콧 맥토미니,CDM,2개의 심장,스코틀랜드,오른발,3,SSC 나폴리,맨체스터 유나이티드,,,,,,,
852237646,다니엘 무뇨스,RWB,와일드 태클러,콜롬비아,오른발,3,크리스털 팰리스,KRC 겡크,,,,,,,
852237678,이브라히마 코나테,CB,파이터,프랑스,오른발,3,리버풀,RB 라이프치히,,,,,,,
852237692,필 포든,LW,크로스 포쳐,잉글랜드,왼발,4,맨체스터 시티,,,,,,,,
852238744,웨스턴 매케니,CM,2개의 심장,미국,오른발,3,유벤투스,리즈 유나이티드,,,,,,,
852238900,E. 데미로비치,ST,크로스 포쳐,보스니아 헤르체고비나,오른발,4,VfB 슈투트가르트,FC 아우크스부르크,SC 프라이부르크,데포르티보 알라베스,RB 라이프치히,,,,
852239340,율리안 샤보트,CB,와일드 태클러,독일,왼발,2,VfB 슈투트가르트,삼프도리아,스페치아,RB 라이프치히,,,,,
852239580,브레메르,CB,파이터,브라질,오른발,2,유벤투스,토리노,,,,,,,
852240130,에데르 밀리탕,CB,파이터,브라질,오른발,3,레알 마드리드,FC 포르투,,,,,,,
852241159,마크 게히,CB,와일드 태클러,잉글랜드,오른발,4,맨체스터 시티,크리스털 팰리스,첼시,,,,,,
852241461,페란 토레스,ST,라인 브레이커,스페인,오른발,4,FC 바르셀로나,맨체스터 시티,발렌시아 CF,,,,,,
852241486,쥘 쿤데,RB,체이서,프랑스,오른발,3,FC 바르셀로나,세비야 FC,,,,,,,
852244067,막상스 라크루아,CB,와일드 태클러,프랑스,오른발,2,크리스털 팰리스,VfL 볼프스부르크,,,,,,,
852244675,산세트,CAM,크로스 포쳐,스페인,오른발,4,아틀레틱 빌바오,,,,,,,,
852246430,두샨 블라호비치,ST,라인 브레이커,세르비아,왼발,4,유벤투스,피오렌티나,,,,,,,
852247394,데얀 쿨루세브스키,CF,2개의 심장,스웨덴,왼발,4,토트넘 홋스퍼,유벤투스,파르마,베르가모 칼초,,,,,
852247703,이언 러시,ST,라인 브레이커,웨일스,양발,5,셰필드 유나이티드,뉴캐슬 유나이티드,리즈 유나이티드,리버풀,유벤투스,,,,
852248146,이언 라이트,ST,라인 브레이커,잉글랜드,오른발,4,번리,셀틱,웨스트 햄 유나이티드,아스널,크리스털 팰리스,,,,
852248243,E. 카마빙가,CDM,와일드 태클러,프랑스,왼발,3,레알 마드리드,스타드 렌,,,,,,,
852248550,비비안,CB,체이서,스페인,오른발,2,아틀레틱 빌바오,,,,,,,,
852248695,웨슬리 포파나,CB,체이서,프랑스,오른발,3,첼시,레스터 시티,AS 생테티엔,,,,,,
852250959,안젤로 슈틸러,CDM,아크로바틱 피니셔,독일,왼발,3,VfB 슈투트가르트,TSG 호펜하임,바이에른 뮌헨,,,,,,
852252021,테이스 달링하,ST,크로스 포쳐,네덜란드,오른발,4,볼로냐,,,,,,,,
852253149,제레미 프림퐁,RWB,라인 브레이커,네덜란드,오른발,3,리버풀,바이엘 04 레버쿠젠,셀틱,,,,,,
852253163,R. 아라우호,CB,체이서,우루과이,오른발,3,FC 바르셀로나,,,,,,,,
852255223,아민 아들리,LW,라인 브레이커,모로코,왼발,3,바이엘 04 레버쿠젠,,,,,,,,
852262394,S. 뵈케마,CB,체이서,네덜란드,오른발,3,SSC 나폴리,볼로냐,,,,,,,
852263617,베냐트 프라도스,CDM,파이터,스페인,오른발,3,아틀레틱 빌바오,,,,,,,,
852268438,가르나초,RW,라인 브레이커,아르헨티나,오른발,4,첼시,맨체스터 유나이티드,,,,,,,
852274967,욘 아르네 리세,LB,2개의 심장,노르웨이,왼발,2,풀럼,AS 로마,리버풀,AS 모나코,,,,,
853073466,야잔,CB,체이서,요르단,양발,5,FC 서울,,,,,,,,
853199231,김태환,RB,파이터,대한민국,오른발,3,전북 현대 모터스,울산 HD FC,김천 상무,성남 FC,FC 서울,,,,
853213189,주민규,ST,크로스 포쳐,대한민국,양발,5,대전 하나 시티즌,울산 HD FC,제주 SK FC,서울 이랜드,김천 상무,,,,
853227791,이태희,RB,와일드 태클러,대한민국,오른발,3,FC 안양,대구 FC,성남 FC,김천 상무,,,,,
853232065,김동준,GK,GK 빠른 반응,대한민국,오른발,3,제주 SK FC,대전 하나 시티즌,성남 FC,,,,,,
853232595,고승범,CM,2개의 심장,대한민국,양발,5,수원 삼성 블루윙즈,울산 HD FC,김천 상무,대구 FC,,,,,
853233078,싸박,ST,아크로바틱 피니셔,시리아,왼발,4,수원 FC,,,,,,,,
853233711,토마스,CB,2개의 심장,네덜란드,왼발,3,FC 안양,,,,,,,,
853238089,이유현,CM,2개의 심장,대한민국,양발,5,강원 FC,전북 현대 모터스,김천 상무,전남 드래곤즈,,,,,
853242004,전진우,RW,라인 브레이커,대한민국,오른발,4,전북 현대 모터스,수원 삼성 블루윙즈,김천 상무,,,,,,
853243672,김태현,LB,체이서,대한민국,오른발,4,전북 현대 모터스,전남 드래곤즈,김천 상무,안산 그리너스 FC,서울 이랜드,,,,
853243673,박진섭,CDM,파이터,대한민국,오른발,3,전북 현대 모터스,대전 하나 시티즌,안산 그리너스 FC,,,,,,
853245848,카이오,CB,체이서,브라질,왼발,3,대구 FC,,,,,,,,
853247844,이재원,CDM,와일드 태클러,대한민국,오른발,4,수원 FC,강원 FC,성남 FC,,,,,,
853255500,서민우,CDM,2개의 심장,대한민국,오른발,3,강원 FC,김천 상무,,,,,,,
853260396,박상혁,ST,크로스 포쳐,대한민국,오른발,4,강원 FC,김천 상무,,,,,,,
853260474,김봉수,CDM,와일드 태클러,대한민국,오른발,2,대전 하나 시티즌,제주 SK FC,김천 상무,,,,,,
853261078,어정원,LB,파이터,대한민국,양발,5,포항 스틸러스,부산 아이파크,,,,,,,
853261115,이호재,ST,크로스 포쳐,대한민국,오른발,3,포항 스틸러스,,,,,,,,
853262447,콤파뇨,ST,크로스 포쳐,이탈리아,오른발,4,전북 현대 모터스,톈진 진먼후,,,,,,,
853263034,안톤,CB,체이서,아제르바이잔,왼발,4,대전 하나 시티즌,,,,,,,,
853268895,강상윤,CM,2개의 심장,대한민국,오른발,3,전북 현대 모터스,수원 FC,부산 아이파크,,,,,,
853272733,오베르단,CDM,2개의 심장,브라질,오른발,4,전북 현대 모터스,포항 스틸러스,,,,,,,
853272992,모따,ST,크로스 포쳐,브라질,왼발,3,전북 현대 모터스,FC 안양,,,,,,,
854203376,버질 반다이크,CB,블로커,"네덜란드, 국가대표",오른발,3,리버풀,사우샘프턴,셀틱,,,,,,
854230621,잔루이지 돈나룸마,GK,GK 공중볼 장악,"이탈리아, 국가대표",오른발,3,맨체스터 시티,파리 생제르맹,밀라노 FC,,,,,,
854231443,우스만 뎀벨레,ST,스피드스터,"프랑스, 국가대표",양발,5,파리 생제르맹,FC 바르셀로나,보루시아 도르트문트,스타드 렌,,,,,
854231747,킬리안 음바페,ST,스피드스터,"프랑스, 국가대표",오른발,4,레알 마드리드,파리 생제르맹,AS 모나코,,,,,,
854234378,데클런 라이스,CM,커맨더,"잉글랜드, 국가대표",오른발,3,아스널,웨스트 햄 유나이티드,,,,,,,
854239085,엘링 홀란,ST,아크로바틱 피니셔,"노르웨이, 국가대표",왼발,4,맨체스터 시티,보루시아 도르트문트,레드불 잘츠부르크,,,,,,
854241486,쥘 쿤데,RB,체이서,"프랑스, 국가대표",오른발,3,FC 바르셀로나,세비야 FC,,,,,,,
854243715,윌리암 살리바,CB,블로커,"프랑스, 국가대표",오른발,3,아스널,올랭피크 마르세유,OGC 니스,AS 생테티엔,,,,,
854251854,페드리,CDM,커맨더,"스페인, 국가대표",양발,5,FC 바르셀로나,,,,,,,,
854252145,누누 멘데스,LB,체이서,"포르투갈, 국가대표",왼발,4,파리 생제르맹,스포르팅 CP,,,,,,,
854255253,비티냐,CM,커맨더,"포르투갈, 국가대표",오른발,3,파리 생제르맹,FC 포르투,울버햄프턴 원더러스,,,,,,
855020801,크리스티아누 호날두,ST,아크로바틱 피니셔,"포르투갈, 국가대표",양발,5,맨체스터 유나이티드,유벤투스,레알 마드리드,스포르팅 CP,,,,,
855158023,리오넬 메시,ST,크로스 포쳐,"아르헨티나, 국가대표",왼발,4,파리 생제르맹,FC 바르셀로나,,,,,,,
855165153,카림 벤제마,ST,크로스 포쳐,프랑스,양발,5,레알 마드리드,올랭피크 리옹,,,,,,,
855167495,마누엘 노이어,GK,GK 빠른 반응,독일,오른발,4,바이에른 뮌헨,,,,,,,,
855188545,레반도프스키,ST,크로스 포쳐,"폴란드, 국가대표",양발,5,FC 바르셀로나,바이에른 뮌헨,보루시아 도르트문트,,,,,,
855192119,티보 쿠르투아,GK,GK 빠른 반응,벨기에,왼발,3,레알 마드리드,첼시,KRC 겡크,,,,,,
855192505,로멜루 루카쿠,ST,크로스 포쳐,벨기에,왼발,4,SSC 나폴리,첼시,AS 로마,롬바르디아 FC,맨체스터 유나이티드,에버턴,웨스트 브로미치 앨비언,,
855200104,손흥민,ST,라인 브레이커,대한민국,양발,5,토트넘 홋스퍼,바이엘 04 레버쿠젠,함부르크 SV,,,,,,
855200389,얀 오블라크,GK,GK 공중볼 장악,슬로베니아,오른발,3,SL 벤피카,,,,,,,,
855202126,해리 케인,ST,크로스 포쳐,"잉글랜드, 국가대표",양발,5,바이에른 뮌헨,토트넘 홋스퍼,레스터 시티,,,,,,
855207865,마르키뉴스,CB,커맨더,브라질,오른발,3,파리 생제르맹,AS 로마,,,,,,,
855209331,모하메드 살라,RM,크로스 포쳐,이집트,왼발,4,리버풀,AS 로마,첼시,피오렌티나,,,,,
855210602,살렘 알도사리,LM,라인 브레이커,사우디아라비아,양발,5,비야레알 CF,,,,,,,,
855212622,요주아 키미히,CDM,커맨더,"독일, 국가대표",양발,5,바이에른 뮌헨,VfB 슈투트가르트,RB 라이프치히,,,,,,
855212831,알리송,GK,GK 빠른 반응,브라질,오른발,3,리버풀,AS 로마,,,,,,,
855213331,요나탄 타,CB,타이탄,"독일, 국가대표",오른발,4,바이에른 뮌헨,바이엘 04 레버쿠젠,함부르크 SV,,,,,,
855215441,세루 기라시,ST,크로스 포쳐,기니,오른발,4,보루시아 도르트문트,VfB 슈투트가르트,스타드 렌,LOSC 릴,,,,,
855215590,아요세 페레스,ST,크로스 포쳐,"스페인, 국가대표",오른발,4,비야레알 CF,레알 베티스,레스터 시티,뉴캐슬 유나이티드,,,,,
855220901,다비드 라야,GK,GK 빠른 반응,"스페인, 국가대표",오른발,3,아스널,블랙번 로버스,,,,,,,
855224232,니콜로 바렐라,CM,2개의 심장,"이탈리아, 국가대표",오른발,4,롬바르디아 FC,칼리아리,,,,,,,
855226161,마르코스 요렌테,RB,2개의 심장,"스페인, 국가대표",양발,5,레알 마드리드,데포르티보 알라베스,,,,,,,
855230872,밀레 스빌라르,GK,GK 빠른 반응,세르비아,오른발,3,AS 로마,SL 벤피카,,,,,,,
855231478,라우타로,ST,크로스 포쳐,"아르헨티나, 국가대표",양발,5,롬바르디아 FC,,,,,,,,
855232580,가브리엘 마갈량이스,CB,타이탄,브라질,왼발,2,아스널,LOSC 릴,디나모 자그레브,,,,,,
855233096,덴젤 둠프리스,RB,체이서,"네덜란드, 국가대표",오른발,3,롬바르디아 FC,,,,,,,,
855234236,파트리크 시크,ST,크로스 포쳐,"체코, 국가대표",왼발,3,바이엘 04 레버쿠젠,RB 라이프치히,AS 로마,삼프도리아,스파르타 프라하,,,,
855236461,장-필리프 마테타,ST,타이탄,프랑스,양발,5,크리스털 팰리스,올랭피크 리옹,,,,,,,
855237238,스콧 맥토미니,CM,2개의 심장,"스코틀랜드, 국가대표",오른발,3,SSC 나폴리,맨체스터 유나이티드,,,,,,,
855238794,비니시우스,LM,라인 브레이커,브라질,오른발,4,레알 마드리드,,,,,,,,
855239053,페데리코 발베르데,CDM,2개의 심장,우루과이,오른발,4,레알 마드리드,,,,,,,,
855239231,마르크 쿠쿠레야,LB,체이서,"스페인, 국가대표",왼발,3,첼시,브라이턴 호브 앨비언,헤타페 CF,FC 바르셀로나,SD 에이바르,,,,
855241159,마크 게히,CB,와일드 태클러,"잉글랜드, 국가대표",양발,5,맨체스터 시티,크리스털 팰리스,첼시,,,,,,
855241651,빅토르 요케레스,ST,라인 브레이커,"스웨덴, 국가대표",오른발,4,아스널,스포르팅 CP,브라이턴 호브 앨비언,,,,,,
855244263,아미르 라흐마니,CB,파이터,코소보,오른발,4,SSC 나폴리,엘라스 베로나,디나모 자그레브,,,,,,
855246104,R. 흐라벤베르흐,CDM,와일드 태클러,"네덜란드, 국가대표",오른발,4,리버풀,바이에른 뮌헨,아약스,,,,,,
855247819,N. 슐로터베크,CB,와일드 태클러,"독일, 국가대표",왼발,3,보루시아 도르트문트,SC 프라이부르크,,,,,,,
855247851,브루누 기마랑이스,CM,2개의 심장,브라질,오른발,3,뉴캐슬 유나이티드,올랭피크 리옹,,,,,,,
855252371,주드 벨링엄,CAM,2개의 심장,"잉글랜드, 국가대표",양발,5,레알 마드리드,보루시아 도르트문트,,,,,,,
855256079,M. 카이세도,CDM,와일드 태클러,에콰도르,오른발,3,첼시,브라이턴 호브 앨비언,,,,,,,
855256196,윌리안 파초,CB,와일드 태클러,에콰도르,왼발,3,파리 생제르맹,아인트라흐트 프랑크푸르트,,,,,,,
855256516,니코 윌리암스,LM,스피드스터,"스페인, 국가대표",양발,5,아틀레틱 빌바오,,,,,,,,
855258437,E. 에메가,ST,라인 브레이커,"네덜란드, 국가대표",양발,5,스트라스부르 알자스,첼시,,,,,,,
855264453,미키 반더벤,CB,체이서,"네덜란드, 국가대표",왼발,3,토트넘 홋스퍼,VfL 볼프스부르크,,,,,,,
855264652,B. 바르콜라,LW,스피드스터,"프랑스, 국가대표",오른발,3,파리 생제르맹,올랭피크 리옹,,,,,,,
855272834,주앙 네베스,CM,체이서,"포르투갈, 국가대표",오른발,4,파리 생제르맹,SL 벤피카,,,,,,,
855278349,딘 하위선,CB,블로커,"스페인, 국가대표",양발,5,레알 마드리드,유벤투스,AS 로마,,,,,,
856072871,B. 무스타파자다,CB,블로커,아제르바이잔,오른발,3,,,,,,,,,
856072874,K. 메디나,CB,체이서,콜롬비아,왼발,3,,,,,,,,,
856076687,이스테방,RW,스피드스터,브라질,왼발,3,첼시,,,,,,,,
856081724,카밀로 두란,ST,라인 브레이커,콜롬비아,왼발,2,,,,,,,,,
856186345,키어런 트리피어,RB,와일드 태클러,잉글랜드,오른발,4,뉴캐슬 유나이티드,토트넘 홋스퍼,번리,맨체스터 시티,,,,,
856186942,일카이 귄도안,CAM,커맨더,독일,오른발,4,갈라타사라이,맨체스터 시티,FC 바르셀로나,보루시아 도르트문트,,,,,
856188545,레반도프스키,ST,크로스 포쳐,폴란드,양발,5,FC 바르셀로나,바이에른 뮌헨,보루시아 도르트문트,,,,,,
856192119,티보 쿠르투아,GK,GK 빠른 반응,벨기에,왼발,3,레알 마드리드,첼시,KRC 겡크,,,,,,
856192366,니콜라스 오타멘디,CB,타이탄,아르헨티나,오른발,3,SL 벤피카,맨체스터 시티,발렌시아 CF,FC 포르투,,,,,
856193747,코케,CM,2개의 심장,스페인,오른발,4,,,,,,,,,
856194765,앙투안 그리즈만,CF,크로스 포쳐,프랑스,왼발,4,FC 바르셀로나,레알 소시에다드,,,,,,,
856198032,댄 번,CB,타이탄,잉글랜드,왼발,3,뉴캐슬 유나이티드,브라이턴 호브 앨비언,풀럼,,,,,,
856200155,한스 바나컨,CAM,커맨더,벨기에,양발,5,,,,,,,,,
856202126,해리 케인,ST,크로스 포쳐,잉글랜드,양발,5,바이에른 뮌헨,토트넘 홋스퍼,레스터 시티,,,,,,
856203376,버질 반다이크,CB,타이탄,네덜란드,오른발,3,리버풀,사우샘프턴,셀틱,,,,,,
856203841,닉 포프,GK,GK 공중볼 장악,잉글랜드,오른발,3,뉴캐슬 유나이티드,번리,,,,,,,
856207865,마르키뉴스,CB,체이서,브라질,오른발,3,파리 생제르맹,AS 로마,,,,,,,
856208128,하칸 찰하놀루,CDM,커맨더,튀르키예,양발,5,롬바르디아 FC,밀라노 FC,바이엘 04 레버쿠젠,함부르크 SV,,,,,
856208165,베라트 짐시티,CB,타이탄,알바니아,오른발,3,베르가모 칼초,,,,,,,,
856209331,모하메드 살라,RW,라인 브레이커,이집트,왼발,4,리버풀,AS 로마,첼시,피오렌티나,,,,,
856210035,그리말도,LWB,와일드 태클러,스페인,왼발,2,바이엘 04 레버쿠젠,SL 벤피카,FC 바르셀로나,,,,,,
856210385,후이 실바,GK,GK 빠른 반응,포르투갈,왼발,3,스포르팅 CP,레알 베티스,그라나다 CF,,,,,,
856212622,요주아 키미히,CDM,커맨더,독일,양발,5,바이에른 뮌헨,VfB 슈투트가르트,RB 라이프치히,,,,,,
856212811,마리오 르미나,CDM,파이터,가봉,오른발,4,갈라타사라이,울버햄프턴 원더러스,OGC 니스,사우샘프턴,풀럼,유벤투스,올랭피크 마르세유,FC 로리앙,
856212831,알리송,GK,GK 공중볼 장악,브라질,오른발,3,리버풀,AS 로마,,,,,,,
856213331,요나탄 타,CB,와일드 태클러,독일,오른발,4,바이에른 뮌헨,바이엘 04 레버쿠젠,함부르크 SV,,,,,,
856215441,세루 기라시,ST,크로스 포쳐,기니,오른발,4,보루시아 도르트문트,VfB 슈투트가르트,스타드 렌,LOSC 릴,,,,,
856216460,J. 히메네스,CB,타이탄,우루과이,오른발,3,,,,,,,,,
856216549,A. 쇨로트,ST,타이탄,노르웨이,왼발,4,비야레알 CF,RB 라이프치히,레알 소시에다드,크리스털 팰리스,,,,,
856220793,다빈손 산체스,CB,타이탄,콜롬비아,오른발,3,갈라타사라이,토트넘 홋스퍼,아약스,,,,,,
856220901,다비드 라야,GK,GK 공중볼 장악,스페인,오른발,3,아스널,블랙번 로버스,,,,,,,
856222077,마누엘 로카텔리,CDM,와일드 태클러,이탈리아,오른발,4,유벤투스,사수올로,밀라노 FC,,,,,,
856222104,토신 아다라비오요,CB,블로커,잉글랜드,오른발,3,첼시,풀럼,블랙번 로버스,웨스트 브로미치 앨비언,맨체스터 시티,,,,
856222389,니키타 하이킨,GK,GK 빠른 반응,러시아,오른발,2,,,,,,,,,
856222492,리로이 사네,RW,스피드스터,독일,왼발,3,갈라타사라이,바이에른 뮌헨,맨체스터 시티,,,,,,
856222665,마르틴 외데고르,CAM,커맨더,노르웨이,왼발,3,아스널,레알 마드리드,레알 소시에다드,,,,,,
856223334,조엘린통,CM,파이터,브라질,오른발,4,뉴캐슬 유나이티드,TSG 호펜하임,,,,,,,
856223959,루카스 토레이라,CDM,체이서,우루과이,오른발,3,갈라타사라이,아스널,피오렌티나,삼프도리아,,,,,
856224232,니콜로 바렐라,CM,와일드 태클러,이탈리아,오른발,4,롬바르디아 FC,칼리아리,,,,,,,
856225077,손드레 페트,CM,2개의 심장,노르웨이,오른발,4,,,,,,,,,
856225193,미켈 메리노,CM,타이탄,스페인,왼발,3,아스널,레알 소시에다드,뉴캐슬 유나이티드,보루시아 도르트문트,오사수나,,,,
856225375,콘라트 라이머,RB,체이서,오스트리아,오른발,3,바이에른 뮌헨,RB 라이프치히,레드불 잘츠부르크,,,,,,
856225539,도미닉 솔랑키,ST,아크로바틱 피니셔,잉글랜드,오른발,4,토트넘 홋스퍼,리버풀,첼시,,,,,,
856225663,알렉산드르 골로빈,LM,파이터,러시아,오른발,4,AS 모나코,,,,,,,,
856226161,마르코스 요렌테,RB,아크로바틱 피니셔,스페인,양발,5,레알 마드리드,데포르티보 알라베스,,,,,,,
856226710,G. 스카마카,ST,크로스 포쳐,이탈리아,오른발,3,베르가모 칼초,웨스트 햄 유나이티드,사수올로,제노아,,,,,
856226766,다니엘 포덴스,LW,파이터,포르투갈,오른발,4,울버햄프턴 원더러스,스포르팅 CP,,,,,,,
856228093,마르쿠스 튀람,ST,타이탄,프랑스,오른발,4,롬바르디아 FC,보루시아 묀헨글라트바흐,,,,,,,
856229188,V. 파블리디스,ST,라인 브레이커,그리스,양발,5,SL 벤피카,,,,,,,,
856229391,팔리냐,CDM,와일드 태클러,포르투갈,오른발,4,토트넘 홋스퍼,바이에른 뮌헨,풀럼,스포르팅 CP,,,,,
856229558,다요 우파메카노,CB,와일드 태클러,프랑스,오른발,3,바이에른 뮌헨,RB 라이프치히,레드불 잘츠부르크,,,,,,
856229891,J. 리에르손,RWB,체이서,노르웨이,오른발,4,보루시아 도르트문트,,,,,,,,
856229905,A. 바르닥즈,CB,파이터,튀르키예,왼발,2,갈라타사라이,,,,,,,,
856230666,가브리엘 제주스,ST,아크로바틱 피니셔,브라질,오른발,4,아스널,맨체스터 시티,,,,,,,
856231443,우스만 뎀벨레,RW,라인 브레이커,프랑스,양발,5,파리 생제르맹,FC 바르셀로나,보루시아 도르트문트,스타드 렌,,,,,
856231478,라우타로,ST,크로스 포쳐,아르헨티나,양발,5,롬바르디아 FC,,,,,,,,
856231512,로이드 켈리,CB,파이터,잉글랜드,왼발,3,유벤투스,뉴캐슬 유나이티드,,,,,,,
856231677,마커스 래시포드,LW,라인 브레이커,잉글랜드,오른발,4,FC 바르셀로나,맨체스터 유나이티드,애스턴 빌라,,,,,,
856231747,킬리안 음바페,ST,라인 브레이커,프랑스,오른발,4,레알 마드리드,파리 생제르맹,AS 모나코,,,,,,
856231866,로드리,CDM,커맨더,스페인,오른발,4,맨체스터 시티,비야레알 CF,,,,,,,
856231943,히샬리송,ST,크로스 포쳐,브라질,양발,5,토트넘 홋스퍼,에버턴,왓퍼드,,,,,,
856232293,빅터 오시멘,ST,크로스 포쳐,나이지리아,오른발,4,갈라타사라이,SSC 나폴리,LOSC 릴,VfL 볼프스부르크,,,,,
856232488,크리스티안 로메로,CB,체이서,아르헨티나,오른발,2,토트넘 홋스퍼,베르가모 칼초,제노아,유벤투스,,,,,
856232580,가브리엘 마갈량이스,CB,블로커,브라질,왼발,2,아스널,LOSC 릴,디나모 자그레브,,,,,,
856233419,하피냐,RW,스피드스터,브라질,왼발,4,FC 바르셀로나,리즈 유나이티드,스타드 렌,스포르팅 CP,,,,,
856233486,로뱅 르노르망,CB,타이탄,스페인,오른발,3,레알 소시에다드,,,,,,,,
856233800,F. 비에르칸,LB,체이서,노르웨이,왼발,3,페예노르트,헤르타 BSC,,,,,,,
856234236,파트리크 시크,ST,타이탄,체코,왼발,3,바이엘 04 레버쿠젠,RB 라이프치히,AS 로마,삼프도리아,스파르타 프라하,,,,
856234378,데클런 라이스,CM,커맨더,잉글랜드,오른발,3,아스널,웨스트 햄 유나이티드,,,,,,,
856234396,알폰소 데이비스,LB,체이서,캐나다,왼발,4,바이에른 뮌헨,,,,,,,,
856235840,M. 디 그레고리오,GK,GK 빠른 반응,이탈리아,오른발,3,유벤투스,롬바르디아 FC,,,,,,,
856236772,D. 소보슬러이,CAM,커맨더,헝가리,오른발,4,리버풀,RB 라이프치히,레드불 잘츠부르크,,,,,,
856237086,김민재,CB,체이서,대한민국,오른발,3,바이에른 뮌헨,SSC 나폴리,전북 현대 모터스,,,,,,
856237383,A. 바스토니,CB,커맨더,이탈리아,왼발,3,롬바르디아 FC,파르마,베르가모 칼초,,,,,,
856237678,이브라히마 코나테,CB,타이탄,프랑스,오른발,3,리버풀,RB 라이프치히,,,,,,,
856237679,R. 콜로 무아니,ST,아크로바틱 피니셔,프랑스,오른발,4,토트넘 홋스퍼,파리 생제르맹,유벤투스,아인트라흐트 프랑크푸르트,FC 낭트,,,,
856238216,코너 갤러거,CM,2개의 심장,잉글랜드,오른발,4,토트넘 홋스퍼,첼시,크리스털 팰리스,웨스트 브로미치 앨비언,,,,,
856238616,페드루 네투,RW,스피드스터,포르투갈,왼발,4,첼시,울버햄프턴 원더러스,라티움,,,,,,
856238794,비니시우스,LW,스피드스터,브라질,오른발,4,레알 마드리드,,,,,,,,
856239053,페데리코 발베르데,CM,커맨더,우루과이,오른발,4,레알 마드리드,,,,,,,,
856239085,엘링 홀란,ST,크로스 포쳐,노르웨이,왼발,4,맨체스터 시티,보루시아 도르트문트,레드불 잘츠부르크,,,,,,
856239231,마르크 쿠쿠레야,LB,와일드 태클러,스페인,왼발,3,첼시,브라이턴 호브 앨비언,헤타페 CF,FC 바르셀로나,SD 에이바르,,,,
856239818,후벵 디아스,CB,파이터,포르투갈,오른발,4,맨체스터 시티,SL 벤피카,,,,,,,
856240091,G. 비카리오,GK,GK 빠른 반응,이탈리아,오른발,4,토트넘 홋스퍼,칼리아리,우디네세,,,,,,
856240130,에데르 밀리탕,CB,블로커,브라질,오른발,3,레알 마드리드,FC 포르투,,,,,,,
856241096,산드로 토날리,CDM,2개의 심장,이탈리아,오른발,4,뉴캐슬 유나이티드,밀라노 FC,,,,,,,
856241159,마크 게히,CB,와일드 태클러,잉글랜드,양발,5,맨체스터 시티,크리스털 팰리스,첼시,,,,,,
856241461,페란 토레스,ST,아크로바틱 피니셔,스페인,오른발,4,FC 바르셀로나,맨체스터 시티,발렌시아 CF,,,,,,
856241486,쥘 쿤데,RB,체이서,프랑스,오른발,3,FC 바르셀로나,세비야 FC,,,,,,,
856241637,A. 추아메니,CDM,블로커,프랑스,오른발,3,레알 마드리드,AS 모나코,,,,,,,
856241651,빅토르 요케레스,ST,크로스 포쳐,스웨덴,오른발,4,아스널,스포르팅 CP,브라이턴 호브 앨비언,,,,,,
856241788,메흐디 타레미,ST,크로스 포쳐,이란,오른발,4,롬바르디아 FC,FC 포르투,,,,,,,
856242641,R. 아이트-누리,LB,스피드스터,알제리,왼발,4,맨체스터 시티,울버햄프턴 원더러스,앙제 SCO,,,,,,
856242964,앤서니 고든,LW,크로스 포쳐,잉글랜드,오른발,4,뉴캐슬 유나이티드,에버턴,,,,,,,
856243203,카스퍼 회그,ST,타이탄,덴마크,오른발,3,,,,,,,,,
856243586,아유브 엘카비,ST,크로스 포쳐,모로코,왼발,3,,,,,,,,,
856243630,조너선 데이비드,ST,크로스 포쳐,캐나다,양발,5,유벤투스,LOSC 릴,,,,,,,
856243715,윌리암 살리바,CB,체이서,프랑스,오른발,3,아스널,올랭피크 마르세유,OGC 니스,AS 생테티엔,,,,,
856244915,모하메드 살리수,CB,블로커,가나,왼발,3,AS 모나코,사우샘프턴,레알 바야돌리드,,,,,,
856245155,모하메드 쿠두스,RW,스피드스터,가나,왼발,4,토트넘 홋스퍼,웨스트 햄 유나이티드,아약스,,,,,,
856245253,L. 바레이루,CM,2개의 심장,룩셈부르크,오른발,4,SL 벤피카,,,,,,,,
856245367,차비 시몬스,CAM,커맨더,네덜란드,오른발,3,토트넘 홋스퍼,RB 라이프치히,파리 생제르맹,,,,,,
856246191,훌리안 알바레스,CF,아크로바틱 피니셔,아르헨티나,양발,5,맨체스터 시티,,,,,,,,
856246420,제레미 도쿠,LW,스피드스터,벨기에,오른발,4,맨체스터 시티,스타드 렌,,,,,,,
856246430,두샨 블라호비치,ST,크로스 포쳐,세르비아,왼발,4,유벤투스,피오렌티나,,,,,,,
856246669,부카요 사카,RW,라인 브레이커,잉글랜드,왼발,4,아스널,,,,,,,,
856246871,E. 바레네체아,CDM,와일드 태클러,아르헨티나,오른발,3,SL 벤피카,애스턴 빌라,발렌시아 CF,유벤투스,,,,,
856247090,엔소 페르난데스,CM,커맨더,아르헨티나,오른발,4,첼시,SL 벤피카,,,,,,,
856247103,다비드 한츠코,CB,체이서,슬로바키아,왼발,3,페예노르트,스파르타 프라하,피오렌티나,,,,,,
856247263,에드몽 탑소바,CB,블로커,부르키나파소,오른발,4,바이엘 04 레버쿠젠,,,,,,,,
856247463,폴러린 발로군,ST,라인 브레이커,미국,양발,5,AS 모나코,아스널,스타드 랭스,미들즈브러,,,,,
856247635,크바라츠헬리아,LW,스피드스터,조지아,양발,5,파리 생제르맹,SSC 나폴리,,,,,,,
856247819,N. 슐로터베크,CB,커맨더,독일,왼발,3,보루시아 도르트문트,SC 프라이부르크,,,,,,,
856247851,브루누 기마랑이스,CM,커맨더,브라질,오른발,3,뉴캐슬 유나이티드,올랭피크 리옹,,,,,,,
856248148,수비멘디,CDM,커맨더,스페인,오른발,4,아스널,레알 소시에다드,,,,,,,
856248243,E. 카마빙가,CDM,커맨더,프랑스,왼발,3,레알 마드리드,스타드 렌,,,,,,,
856251470,샤를 드케텔라르,CAM,커맨더,벨기에,왼발,4,베르가모 칼초,밀라노 FC,,,,,,,
856251517,그바르디올,CB,타이탄,크로아티아,양발,5,맨체스터 시티,RB 라이프치히,디나모 자그레브,,,,,,
856251566,가브리엘 마르티넬리,LW,라인 브레이커,브라질,오른발,4,아스널,,,,,,,,
856251852,카림 아데예미,CF,스피드스터,독일,왼발,4,보루시아 도르트문트,레드불 잘츠부르크,,,,,,,
856251854,페드리,CM,커맨더,스페인,양발,5,FC 바르셀로나,,,,,,,,
856252042,주앙 페드루,ST,크로스 포쳐,브라질,오른발,4,첼시,브라이턴 호브 앨비언,왓퍼드,,,,,,
856252145,누누 멘데스,LB,체이서,포르투갈,왼발,4,파리 생제르맹,스포르팅 CP,,,,,,,
856252371,주드 벨링엄,CAM,커맨더,잉글랜드,양발,5,레알 마드리드,보루시아 도르트문트,,,,,,,
856252802,윌프리드 싱고,RB,체이서,코트디부아르,오른발,3,갈라타사라이,AS 모나코,토리노,,,,,,
856253163,R. 아라우호,CB,타이탄,우루과이,오른발,3,FC 바르셀로나,,,,,,,,
856253396,G. 시메오네,RW,스피드스터,아르헨티나,오른발,3,데포르티보 알라베스,,,,,,,,
856254117,M. 바이어,ST,크로스 포쳐,독일,오른발,4,보루시아 도르트문트,TSG 호펜하임,,,,,,,
856254796,노니 마두에케,RW,스피드스터,잉글랜드,왼발,4,아스널,첼시,,,,,,,
856254817,M. 아라우호,LB,체이서,우루과이,왼발,3,스포르팅 CP,,,,,,,,
856255106,로이크 바데,CB,블로커,프랑스,오른발,3,바이엘 04 레버쿠젠,세비야 FC,스타드 렌,RC 랑스,,,,,
856255253,비티냐,CM,커맨더,포르투갈,오른발,3,파리 생제르맹,FC 포르투,울버햄프턴 원더러스,,,,,,
856256079,M. 카이세도,CDM,와일드 태클러,에콰도르,오른발,3,첼시,브라이턴 호브 앨비언,,,,,,,
856256261,M. 티아우,CB,타이탄,독일,오른발,4,뉴캐슬 유나이티드,밀라노 FC,,,,,,,
856256903,곤살루 하무스,ST,크로스 포쳐,포르투갈,오른발,4,파리 생제르맹,SL 벤피카,,,,,,,
856256948,C. 졸리스,LW,라인 브레이커,그리스,오른발,4,,,,,,,,,
856257179,곤살루 이나시우,CB,타이탄,포르투갈,왼발,2,스포르팅 CP,,,,,,,,
856257265,마테우스 시우바,RB,와일드 태클러,브라질,오른발,3,,,,,,,,,
856257289,위고 에키티케,ST,크로스 포쳐,프랑스,오른발,3,리버풀,아인트라흐트 프랑크푸르트,파리 생제르맹,스타드 랭스,,,,,
856257368,L. 피롤라,CB,체이서,이탈리아,왼발,3,롬바르디아 FC,,,,,,,,
856258239,M. 코할스키,GK,GK 빠른 반응,폴란드,오른발,2,,,,,,,,,
856258781,I. 자바르니,CB,블로커,우크라이나,오른발,3,파리 생제르맹,디나모 키이우,,,,,,,
856259075,얀 코투,RWB,와일드 태클러,브라질,오른발,3,보루시아 도르트문트,맨체스터 시티,,,,,,,
856259307,말로 귀스토,RB,체이서,프랑스,오른발,3,첼시,올랭피크 리옹,,,,,,,
856259532,주안 가르시아,GK,GK 공중볼 장악,스페인,오른발,3,FC 바르셀로나,RCD 에스파뇰,,,,,,,
856259583,D. 우도기,LB,와일드 태클러,이탈리아,왼발,4,토트넘 홋스퍼,우디네세,엘라스 베로나,,,,,,
856259584,M. 루제리,LB,체이서,이탈리아,왼발,3,베르가모 칼초,,,,,,,,
856259716,D. 스벤손,LWB,2개의 심장,스웨덴,왼발,4,보루시아 도르트문트,,,,,,,,
856260908,M. 케르케즈,LB,와일드 태클러,헝가리,왼발,3,리버풀,밀라노 FC,,,,,,,
856261050,프란시스쿠 콘세이상,RW,스피드스터,포르투갈,왼발,3,유벤투스,FC 포르투,아약스,,,,,,
856262880,R. 오니에디카,CDM,파이터,나이지리아,오른발,3,,,,,,,,,
856263205,바리슈 일마즈,LW,스피드스터,튀르키예,오른발,3,갈라타사라이,,,,,,,,
856263578,발데,LB,스피드스터,스페인,왼발,4,FC 바르셀로나,,,,,,,,
856263765,톰 비쇼프,LB,와일드 태클러,독일,왼발,3,바이에른 뮌헨,TSG 호펜하임,,,,,,,
856264219,E. 포쿠,RW,스피드스터,네덜란드,양발,5,바이엘 04 레버쿠젠,,,,,,,,
856264309,아르다 귈레르,CAM,커맨더,튀르키예,왼발,3,레알 마드리드,,,,,,,,
856264453,미키 반더벤,CB,스피드스터,네덜란드,왼발,3,토트넘 홋스퍼,VfL 볼프스부르크,,,,,,,
856264652,B. 바르콜라,LW,스피드스터,프랑스,오른발,3,파리 생제르맹,올랭피크 리옹,,,,,,,
856266032,제이미 기튼스,LW,스피드스터,잉글랜드,오른발,4,첼시,보루시아 도르트문트,,,,,,,
856266096,토마스 아라우주,CB,체이서,포르투갈,오른발,2,SL 벤피카,,,,,,,,
856266097,제니 카타무,RW,스피드스터,모잠비크,왼발,3,스포르팅 CP,,,,,,,,
856266127,L. 홀,LB,체이서,잉글랜드,왼발,3,뉴캐슬 유나이티드,첼시,,,,,,,
856266866,에데르송,CM,와일드 태클러,브라질,오른발,3,베르가모 칼초,,,,,,,,
856266872,F. 가티,CB,블로커,이탈리아,오른발,3,유벤투스,,,,,,,,
856266895,N. 트레졸디,ST,크로스 포쳐,독일,오른발,4,,,,,,,,,
856268375,F. 셰볼,RB,체이서,노르웨이,오른발,4,,,,,,,,,
856268438,가르나초,LW,아크로바틱 피니셔,아르헨티나,오른발,4,첼시,맨체스터 유나이티드,,,,,,,
856268889,알바로 카레라스,LB,와일드 태클러,스페인,왼발,4,레알 마드리드,SL 벤피카,그라나다 CF,맨체스터 유나이티드,,,,,
856270409,사비뉴,LW,스피드스터,브라질,왼발,2,맨체스터 시티,,,,,,,,
856270531,O. 디오만데,CB,파이터,코트디부아르,오른발,3,스포르팅 CP,,,,,,,,
856270673,W. 자이르-에머리,CM,2개의 심장,프랑스,오른발,3,파리 생제르맹,,,,,,,,
856275298,A. 파블로비치,CDM,2개의 심장,독일,오른발,4,바이에른 뮌헨,,,,,,,,
856276278,P. 수치치,CM,2개의 심장,크로아티아,오른발,4,롬바르디아 FC,디나모 자그레브,,,,,,,
856277031,A. 후사노프,CB,파이터,우즈베키스탄,오른발,3,맨체스터 시티,RC 랑스,,,,,,,
856277252,사무엘 달,LB,체이서,스웨덴,왼발,3,SL 벤피카,AS 로마,,,,,,,
856277426,카를루스 포르브스,RW,스피드스터,포르투갈,왼발,2,아약스,울버햄프턴 원더러스,맨체스터 시티,,,,,,
856277427,N. 오라일리,LB,와일드 태클러,잉글랜드,왼발,2,맨체스터 시티,,,,,,,,
856277643,라민 야말,RW,스피드스터,스페인,왼발,3,FC 바르셀로나,,,,,,,,
856277954,K. 일디즈,LW,스피드스터,튀르키예,양발,5,유벤투스,,,,,,,,
856278046,파우 쿠바르시,CB,타이탄,스페인,오른발,4,FC 바르셀로나,,,,,,,,
858008348,미첼 살가도,RB,체이서,스페인,오른발,4,블랙번 로버스,레알 마드리드,셀타 비고,,,,,,
858010704,로이 마카이,ST,아크로바틱 피니셔,네덜란드,양발,5,페예노르트,바이에른 뮌헨,,,,,,,
858025420,클라우디오 피사로,ST,크로스 포쳐,페루,양발,5,베르더 브레멘,바이에른 뮌헨,첼시,,,,,,
858053302,다니엘레 데로시,CDM,와일드 태클러,이탈리아,오른발,4,AS 로마,,,,,,,,
858077787,이반 사모라노,ST,크로스 포쳐,칠레,오른발,4,롬바르디아 FC,레알 마드리드,세비야 FC,,,,,,
858081644,울리 회네스,LM,스피드스터,독일,오른발,4,바이에른 뮌헨,,,,,,,,
858169721,마이카 리처즈,RB,와일드 태클러,잉글랜드,오른발,3,애스턴 빌라,피오렌티나,맨체스터 시티,,,,,,
861000051,앨런 시어러,ST,크로스 포쳐,잉글랜드,오른발,4,뉴캐슬 유나이티드,블랙번 로버스,사우샘프턴,,,,,,
861000240,로이 킨,CM,2개의 심장,아일랜드,오른발,3,셀틱,맨체스터 유나이티드,,,,,,,
861000330,로비 킨,ST,아크로바틱 피니셔,아일랜드,오른발,4,애스턴 빌라,LA 갤럭시,웨스트 햄 유나이티드,셀틱,토트넘 홋스퍼,리버풀,리즈 유나이티드,롬바르디아 FC,울버햄프턴 원더러스
861000388,솔 캠벨,CB,타이탄,잉글랜드,오른발,3,뉴캐슬 유나이티드,아스널,토트넘 홋스퍼,,,,,,
861000488,올리버 칸,GK,GK 빠른 반응,독일,오른발,2,바이에른 뮌헨,,,,,,,,
861001040,호베르투 카를루스,LB,체이서,브라질,왼발,3,레알 마드리드,롬바르디아 FC,,,,,,,
861001041,하비에르 사네티,RWB,2개의 심장,아르헨티나,오른발,4,롬바르디아 FC,,,,,,,,
861001109,파올로 말디니,CB,체이서,이탈리아,양발,5,밀라노 FC,,,,,,,,
861001114,로베르토 바조,CF,라인 브레이커,이탈리아,양발,5,롬바르디아 FC,볼로냐,밀라노 FC,유벤투스,피오렌티나,,,,
861001116,마르셀 드사이,CB,타이탄,프랑스,오른발,3,첼시,밀라노 FC,올랭피크 마르세유,FC 낭트,,,,,
861001183,파비오 칸나바로,CB,와일드 태클러,이탈리아,오른발,3,유벤투스,레알 마드리드,롬바르디아 FC,파르마,SSC 나폴리,,,,
861001419,파트리크 비에이라,CM,와일드 태클러,프랑스,오른발,3,맨체스터 시티,롬바르디아 FC,유벤투스,아스널,밀라노 FC,,,,
861001615,릴리앙 튀람,RB,와일드 태클러,프랑스,양발,5,FC 바르셀로나,유벤투스,파르마,AS 모나코,,,,,
861001620,에마뉘엘 프티,CDM,2개의 심장,프랑스,왼발,3,첼시,FC 바르셀로나,아스널,AS 모나코,,,,,
861001668,클로드 마켈렐레,CDM,와일드 태클러,프랑스,오른발,3,파리 생제르맹,첼시,레알 마드리드,셀타 비고,올랭피크 마르세유,FC 낭트,,,
861003622,히카르두 카르발류,CB,체이서,포르투갈,오른발,3,상하이 하이강,AS 모나코,레알 마드리드,첼시,FC 포르투,,,,
861004202,젠나로 가투소,CDM,와일드 태클러,이탈리아,오른발,3,밀라노 FC,레인저스,,,,,,,
861004231,히바우두,CF,아크로바틱 피니셔,브라질,왼발,3,밀라노 FC,FC 바르셀로나,,,,,,,
861004833,스토이치코프,LW,라인 브레이커,불가리아,왼발,3,FC 바르셀로나,파르마,,,,,,,
861005003,카푸,RB,체이서,브라질,오른발,4,밀라노 FC,AS 로마,,,,,,,
861005099,잔루카 잠브로타,RB,2개의 심장,이탈리아,양발,5,밀라노 FC,FC 바르셀로나,유벤투스,,,,,,
861005419,마이클 오언,ST,스피드스터,잉글랜드,오른발,4,스토크 시티,맨체스터 유나이티드,뉴캐슬 유나이티드,레알 마드리드,리버풀,,,,
861005454,비셴테 리자라쥐,LB,2개의 심장,프랑스,왼발,3,바이에른 뮌헨,올랭피크 마르세유,아틀레틱 빌바오,,,,,,
861005467,제이미 캐러거,CB,와일드 태클러,잉글랜드,오른발,3,리버풀,,,,,,,,
861005479,카시야스,GK,GK 빠른 반응,스페인,왼발,3,FC 포르투,레알 마드리드,,,,,,,
861005661,페르난도 모리엔테스,ST,크로스 포쳐,스페인,양발,5,올랭피크 마르세유,발렌시아 CF,리버풀,AS 모나코,레알 마드리드,,,,
861005680,클라위베르트,ST,크로스 포쳐,네덜란드,양발,5,LOSC 릴,발렌시아 CF,뉴캐슬 유나이티드,FC 바르셀로나,밀라노 FC,아약스,,,
861005740,야프 스탐,CB,와일드 태클러,네덜란드,오른발,3,아약스,밀라노 FC,라티움,맨체스터 유나이티드,,,,,
861006235,파벨 네드베드,CAM,2개의 심장,체코,양발,5,유벤투스,라티움,스파르타 프라하,,,,,,
861006975,프레디 융베리,LW,2개의 심장,스웨덴,양발,5,셀틱,웨스트 햄 유나이티드,아스널,,,,,,
861007289,리오 퍼디난드,CB,와일드 태클러,잉글랜드,오른발,3,맨체스터 유나이티드,리즈 유나이티드,웨스트 햄 유나이티드,,,,,,
861007512,에르난 크레스포,ST,아크로바틱 피니셔,아르헨티나,양발,5,파르마,제노아,롬바르디아 FC,밀라노 FC,첼시,라티움,,,
861007518,베론,CM,2개의 심장,아르헨티나,오른발,4,롬바르디아 FC,첼시,맨체스터 유나이티드,라티움,파르마,삼프도리아,,,
861007743,랜던 도노번,CF,크로스 포쳐,미국,오른발,4,에버턴,바이에른 뮌헨,LA 갤럭시,바이엘 04 레버쿠젠,,,,,
861007763,안드레아 피를로,CM,커맨더,이탈리아,양발,5,유벤투스,밀라노 FC,롬바르디아 FC,,,,,,
861007826,로빈 반페르시,ST,라인 브레이커,네덜란드,양발,5,페예노르트,맨체스터 유나이티드,아스널,,,,,,
861010264,뤼트 반니스텔로이,ST,크로스 포쳐,네덜란드,오른발,4,함부르크 SV,레알 마드리드,맨체스터 유나이티드,,,,,,
861010535,차비,CM,커맨더,스페인,오른발,4,FC 바르셀로나,,,,,,,,
861011141,미로슬라프 클로제,ST,크로스 포쳐,독일,오른발,4,라티움,바이에른 뮌헨,베르더 브레멘,,,,,,
861013038,카를레스 푸욜,CB,체이서,스페인,오른발,3,FC 바르셀로나,,,,,,,,
861013128,안드리 셰우첸코,ST,크로스 포쳐,우크라이나,양발,5,디나모 키이우,밀라노 FC,첼시,,,,,,
861013743,스티븐 제라드,CM,2개의 심장,잉글랜드,양발,5,LA 갤럭시,리버풀,,,,,,,
861015723,디르크 카위트,LW,2개의 심장,네덜란드,오른발,3,페예노르트,리버풀,,,,,,,
861023174,리켈메,CAM,커맨더,아르헨티나,오른발,4,비야레알 CF,FC 바르셀로나,,,,,,,
861028765,제 호베르투,CM,라인 브레이커,브라질,왼발,3,함부르크 SV,바이에른 뮌헨,바이엘 04 레버쿠젠,레알 마드리드,,,,,
861031432,디디에 드로그바,ST,크로스 포쳐,코트디부아르,오른발,4,첼시,갈라타사라이,상하이 선화,올랭피크 마르세유,,,,,
861034079,애슐리 콜,LB,체이서,잉글랜드,왼발,3,LA 갤럭시,AS 로마,첼시,크리스털 팰리스,아스널,,,,
861037576,호나우두,ST,라인 브레이커,브라질,양발,5,밀라노 FC,레알 마드리드,롬바르디아 FC,FC 바르셀로나,,,,,
861039386,다마커스 비즐리,LM,스피드스터,미국,양발,5,레인저스,맨체스터 시티,LA 갤럭시,,,,,,
861039943,박지성,RW,2개의 심장,대한민국,양발,5,맨체스터 유나이티드,,,,,,,,
861041236,즐라탄,ST,아크로바틱 피니셔,스웨덴,양발,5,밀라노 FC,LA 갤럭시,맨체스터 유나이티드,파리 생제르맹,FC 바르셀로나,롬바르디아 FC,유벤투스,아약스,
861045197,샤비 알론소,CM,커맨더,스페인,오른발,4,바이에른 뮌헨,레알 마드리드,리버풀,SD 에이바르,레알 소시에다드,,,,
861045661,라울,CF,크로스 포쳐,스페인,왼발,4,레알 마드리드,,,,,,,,
861045674,마이클 에시앙,CM,2개의 심장,가나,오른발,4,밀라노 FC,레알 마드리드,첼시,올랭피크 리옹,,,,,
861047390,지우베르투,CDM,파이터,브라질,오른발,4,아스널,,,,,,,,
861049072,디에고 포를란,CF,아크로바틱 피니셔,우루과이,양발,5,롬바르디아 FC,비야레알 CF,맨체스터 유나이티드,,,,,,
861049369,페르난도 토레스,ST,라인 브레이커,스페인,오른발,4,밀라노 FC,첼시,리버풀,,,,,,
861051257,피터 크라우치,ST,타이탄,잉글랜드,오른발,3,번리,스토크 시티,토트넘 홋스퍼,리버풀,사우샘프턴,애스턴 빌라,,,
861051412,팀 케이힐,CF,크로스 포쳐,호주,오른발,3,상하이 선화,에버턴,,,,,,,
861052241,헨릭 라르손,ST,크로스 포쳐,스웨덴,오른발,4,맨체스터 유나이티드,FC 바르셀로나,셀틱,페예노르트,,,,,
861053302,다니엘레 데로시,CDM,와일드 태클러,이탈리아,오른발,4,AS 로마,,,,,,,,
861077787,이반 사모라노,ST,라인 브레이커,칠레,오른발,4,롬바르디아 FC,레알 마드리드,세비야 FC,,,,,,
861121939,필립 람,CDM,2개의 심장,독일,양발,5,VfB 슈투트가르트,바이에른 뮌헨,,,,,,,
861121944,슈바인슈타이거,LM,2개의 심장,독일,오른발,4,맨체스터 유나이티드,바이에른 뮌헨,,,,,,,
861135455,마이콘,RB,와일드 태클러,브라질,오른발,4,AS 로마,맨체스터 시티,롬바르디아 FC,AS 모나코,,,,,
861138449,카카,CAM,스피드스터,브라질,오른발,4,밀라노 FC,레알 마드리드,,,,,,,
861138956,조르조 키엘리니,CB,파이터,이탈리아,왼발,3,유벤투스,피오렌티나,,,,,,,
861142754,하비에르 마스체라노,CDM,체이서,아르헨티나,오른발,3,FC 바르셀로나,리버풀,웨스트 햄 유나이티드,,,,,,
861156353,루이스 에르난데스,ST,크로스 포쳐,멕시코,오른발,3,LA 갤럭시,,,,,,,,
861161840,페르난도 이에로,CDM,와일드 태클러,스페인,오른발,3,레알 마드리드,레알 바야돌리드,,,,,,,
861166149,우고 산체스,ST,크로스 포쳐,멕시코,왼발,4,레알 마드리드,,,,,,,,
861166676,루디 펠러,ST,크로스 포쳐,독일,오른발,4,바이엘 04 레버쿠젠,올랭피크 마르세유,AS 로마,베르더 브레멘,,,,,
861166691,지쿠,CAM,아크로바틱 피니셔,브라질,양발,5,우디네세,,,,,,,,
861166906,프랑코 바레시,CB,와일드 태클러,이탈리아,오른발,4,밀라노 FC,,,,,,,,
861167134,장-피에르 파팽,ST,아크로바틱 피니셔,프랑스,오른발,4,바이에른 뮌헨,밀라노 FC,올랭피크 마르세유,,,,,,
861170733,제르비뉴,LW,라인 브레이커,코트디부아르,오른발,3,파르마,AS 로마,아스널,LOSC 릴,,,,,
861171877,마레크 함시크,CAM,2개의 심장,슬로바키아,양발,5,SSC 나폴리,,,,,,,,
861176944,마루안 펠라이니,CM,타이탄,벨기에,오른발,4,산둥 타이산,맨체스터 유나이티드,에버턴,,,,,,
861181783,마리오 만주키치,ST,크로스 포쳐,크로아티아,오른발,4,밀라노 FC,유벤투스,바이에른 뮌헨,VfL 볼프스부르크,디나모 자그레브,,,,
861182521,토니 크로스,CM,커맨더,독일,양발,5,레알 마드리드,바이엘 04 레버쿠젠,바이에른 뮌헨,,,,,,
861184943,하미레스,CDM,체이서,브라질,오른발,3,첼시,SL 벤피카,,,,,,,
861190042,마라도나,CAM,스피드스터,아르헨티나,왼발,3,세비야 FC,SSC 나폴리,FC 바르셀로나,,,,,,
861190043,펠레,ST,아크로바틱 피니셔,브라질,양발,5,,,,,,,,,
861190045,요한 크루이프,CF,크로스 포쳐,네덜란드,양발,5,페예노르트,아약스,레반테 UD,FC 바르셀로나,,,,,
861190046,소크라테스,CAM,크로스 포쳐,브라질,양발,5,피오렌티나,,,,,,,,
861190048,게르트 뮐러,ST,아크로바틱 피니셔,독일,양발,5,바이에른 뮌헨,,,,,,,,
861190053,페터 슈마이켈,GK,GK 공중볼 장악,덴마크,오른발,3,맨체스터 시티,애스턴 빌라,스포르팅 CP,맨체스터 유나이티드,,,,,
861191189,로타어 마테우스,CM,2개의 심장,독일,양발,5,바이에른 뮌헨,롬바르디아 FC,보루시아 묀헨글라트바흐,,,,,,
861191208,차범근,ST,스피드스터,대한민국,양발,5,바이엘 04 레버쿠젠,아인트라흐트 프랑크푸르트,,,,,,,
861191694,호르헤 캄포스,GK,GK 빠른 반응,멕시코,오른발,4,LA 갤럭시,,,,,,,,
861191695,부트라게뇨,ST,라인 브레이커,스페인,양발,5,레알 마드리드,,,,,,,,
861214098,프랑크 레이카르트,CM,와일드 태클러,네덜란드,오른발,4,아약스,밀라노 FC,스포르팅 CP,,,,,,
861214267,게리 리네커,ST,크로스 포쳐,잉글랜드,오른발,4,토트넘 홋스퍼,FC 바르셀로나,에버턴,레스터 시티,,,,,
861214649,다보르 슈케르,ST,라인 브레이커,크로아티아,양발,5,웨스트 햄 유나이티드,아스널,레알 마드리드,세비야 FC,디나모 자그레브,,,,
861215732,올리버 비어호프,ST,크로스 포쳐,독일,오른발,4,AS 모나코,밀라노 FC,우디네세,레드불 잘츠부르크,보루시아 묀헨글라트바흐,함부르크 SV,,,
861221162,바티스투타,ST,크로스 포쳐,아르헨티나,오른발,4,롬바르디아 FC,AS 로마,피오렌티나,,,,,,
861222481,로랑 블랑,CB,와일드 태클러,프랑스,오른발,3,맨체스터 유나이티드,롬바르디아 FC,올랭피크 마르세유,FC 바르셀로나,AS 생테티엔,SSC 나폴리,몽펠리에 HSC,,
861230025,보비 찰턴,CAM,2개의 심장,잉글랜드,양발,5,맨체스터 유나이티드,,,,,,,,
861238380,레프 야신,GK,GK 공중볼 장악,러시아,오른발,3,,,,,,,,,
861242519,에우제비우,ST,라인 브레이커,포르투갈,양발,5,SL 벤피카,,,,,,,,
861247515,존 반스,LW,스피드스터,잉글랜드,양발,5,뉴캐슬 유나이티드,리버풀,왓퍼드,,,,,,
861247553,가린샤,RW,스피드스터,브라질,오른발,4,,,,,,,,,
861247699,케니 달글리시,CF,아크로바틱 피니셔,스코틀랜드,양발,5,리버풀,셀틱,,,,,,,
861261593,위르겐 콜러,CB,와일드 태클러,독일,오른발,3,보루시아 도르트문트,유벤투스,바이에른 뮌헨,,,,,,
861266695,토마스 브롤린,CF,2개의 심장,스웨덴,오른발,3,크리스털 팰리스,파르마,리즈 유나이티드,,,,,,
861268513,자이르지뉴,RW,라인 브레이커,브라질,오른발,4,올랭피크 마르세유,,,,,,,,
861269603,W. 스몰라레크,ST,라인 브레이커,폴란드,왼발,3,페예노르트,아인트라흐트 프랑크푸르트,,,,,,,
862007489,안정환,CF,크로스 포쳐,대한민국,양발,5,부산 아이파크,수원 삼성 블루윙즈,FC 메스,,,,,,
862138161,홍명보,CB,와일드 태클러,대한민국,양발,5,LA 갤럭시,포항 스틸러스,김천 상무,,,,,,
862140057,차두리,RW,스피드스터,대한민국,오른발,4,FC 서울,셀틱,SC 프라이부르크,아인트라흐트 프랑크푸르트,바이엘 04 레버쿠젠,아르미니아 빌레펠트,,,
862180283,기성용,CM,커맨더,대한민국,양발,5,포항 스틸러스,FC 서울,RCD 마요르카,뉴캐슬 유나이티드,셀틱,,,,
862200104,손흥민,LW,라인 브레이커,대한민국,양발,5,토트넘 홋스퍼,바이엘 04 레버쿠젠,함부르크 SV,,,,,,
862212432,조현우,GK,GK 공중볼 장악,대한민국,오른발,3,울산 HD FC,대구 FC,,,,,,,
862237086,김민재,CB,체이서,대한민국,오른발,3,바이에른 뮌헨,SSC 나폴리,전북 현대 모터스,,,,,,
863236764,A. 다나카,CDM,2개의 심장,일본,오른발,3,리즈 유나이티드,,,,,,,,
863219932,A. 사나브리아,ST,아크로바틱 피니셔,파라과이,오른발,4,토리노,레알 베티스,제노아,AS 로마,사수올로,,,,
863216549,A. 쇨로트,ST,크로스 포쳐,노르웨이,왼발,4,비야레알 CF,RB 라이프치히,레알 소시에다드,크리스털 팰리스,,,,,
863268772,A. 알리,ST,라인 브레이커,카타르,오른발,4,,,,,,,,,
863261298,A. 알아마리,CDM,커맨더,이라크,왼발,3,,,,,,,,,
863241637,A. 추아메니,CDM,커맨더,프랑스,오른발,3,레알 마드리드,AS 모나코,,,,,,,
863216354,A. 크라마리치,CAM,크로스 포쳐,크로아티아,오른발,4,TSG 호펜하임,레스터 시티,디나모 자그레브,,,,,,
863277031,A. 후사노프,CB,체이서,우즈베키스탄,오른발,3,맨체스터 시티,RC 랑스,,,,,,,
863269278,D. 고메스,CM,와일드 태클러,파라과이,오른발,3,브라이턴 호브 앨비언,,,,,,,,
863264191,G. 라예르빌케,CB,타이탄,스웨덴,오른발,3,셀틱,,,,,,,,
863253354,H. 갈린데스,GK,GK 빠른 반응,에콰도르,오른발,2,,,,,,,,,
863255434,J. 엔시소,CAM,스피드스터,파라과이,오른발,3,스트라스부르 알자스,브라이턴 호브 앨비언,,,,,,,
863277954,K. 일디즈,LW,스피드스터,튀르키예,양발,5,유벤투스,,,,,,,,
863250723,K. 코네,CM,와일드 태클러,프랑스,오른발,3,AS 로마,보루시아 묀헨글라트바흐,,,,,,,
863184200,M. 아르나우토비치,ST,크로스 포쳐,오스트리아,양발,5,롬바르디아 FC,볼로냐,상하이 하이강,웨스트 햄 유나이티드,스토크 시티,베르더 브레멘,,,
863253306,M. 우가르테,CDM,와일드 태클러,우루과이,오른발,3,맨체스터 유나이티드,파리 생제르맹,스포르팅 CP,,,,,,
863256079,M. 카이세도,CDM,와일드 태클러,에콰도르,오른발,3,첼시,브라이턴 호브 앨비언,,,,,,,
863220075,M. 칸노,CAM,타이탄,사우디아라비아,오른발,3,,,,,,,,,
863262956,N. 바실리,GK,GK 빠른 반응,보스니아 헤르체고비나,오른발,3,,,,,,,,,
863241938,N. 알도사리,CM,와일드 태클러,사우디아라비아,왼발,3,,,,,,,,,
863246688,S. 압둘하미드,RWB,체이서,사우디아라비아,오른발,3,RC 랑스,AS 로마,,,,,,,
863232580,가브리엘 마갈량이스,CB,블로커,브라질,왼발,2,아스널,LOSC 릴,디나모 자그레브,,,,,,
863199503,그라니트 자카,CDM,커맨더,스위스,왼발,3,바이엘 04 레버쿠젠,아스널,보루시아 묀헨글라트바흐,,,,,,
863251517,그바르디올,LB,타이탄,크로아티아,양발,5,맨체스터 시티,RB 라이프치히,디나모 자그레브,,,,,,
863237086,김민재,CB,블로커,대한민국,오른발,3,바이에른 뮌헨,SSC 나폴리,전북 현대 모터스,,,,,,
863190871,네이마르 Jr.,CAM,스피드스터,브라질,양발,5,파리 생제르맹,FC 바르셀로나,,,,,,,
863252145,누누 멘데스,LB,체이서,포르투갈,왼발,4,파리 생제르맹,스포르팅 CP,,,,,,,
863192366,니콜라스 오타멘디,CB,와일드 태클러,아르헨티나,오른발,3,SL 벤피카,맨체스터 시티,발렌시아 CF,FC 포르투,,,,,
863254022,닉 볼테마데,ST,크로스 포쳐,독일,오른발,3,뉴캐슬 유나이티드,VfB 슈투트가르트,베르더 브레멘,,,,,,
863237646,다니엘 무뇨스,RB,체이서,콜롬비아,오른발,3,크리스털 팰리스,KRC 겡크,,,,,,,
863253072,다르윈 누녜스,ST,라인 브레이커,우루과이,오른발,4,리버풀,SL 벤피카,,,,,,,
863073853,다일롱 리브라멘투,ST,라인 브레이커,카보베르데,오른발,3,엘라스 베로나,,,,,,,,
863234378,데클런 라이스,CM,2개의 심장,잉글랜드,오른발,3,아스널,웨스트 햄 유나이티드,,,,,,,
863231447,도니얼 말런,RW,스피드스터,네덜란드,오른발,4,AS 로마,애스턴 빌라,보루시아 도르트문트,아스널,,,,,
863277643,라민 야말,RW,스피드스터,스페인,왼발,3,FC 바르셀로나,,,,,,,,
863231478,라우타로,ST,아크로바틱 피니셔,아르헨티나,양발,5,롬바르디아 FC,,,,,,,,
863212616,로드리고 데폴,CM,2개의 심장,아르헨티나,오른발,3,우디네세,발렌시아 CF,,,,,,,
863241084,루이스 디아스,LW,스피드스터,콜롬비아,오른발,4,바이에른 뮌헨,리버풀,FC 포르투,,,,,,
863242280,루이스 퍼거슨,CDM,2개의 심장,스코틀랜드,오른발,4,볼로냐,,,,,,,,
863204923,마르셀 자비처,LM,아크로바틱 피니셔,오스트리아,오른발,4,보루시아 도르트문트,바이에른 뮌헨,맨체스터 유나이티드,RB 라이프치히,레드불 잘츠부르크,,,,
863238160,메리 데미랄,CB,블로커,튀르키예,오른발,3,베르가모 칼초,유벤투스,사수올로,스포르팅 CP,,,,,
863241788,메흐디 타레미,ST,아크로바틱 피니셔,이란,오른발,4,롬바르디아 FC,FC 포르투,,,,,,,
863202556,멤피스 데파이,ST,크로스 포쳐,네덜란드,오른발,3,FC 바르셀로나,올랭피크 리옹,맨체스터 유나이티드,,,,,,
863209331,모하메드 살라,RW,라인 브레이커,이집트,왼발,4,리버풀,AS 로마,첼시,피오렌티나,,,,,
863264697,모하메드 아무라,LW,라인 브레이커,알제리,오른발,3,VfL 볼프스부르크,,,,,,,,
863245155,모하메드 쿠두스,RW,스피드스터,가나,왼발,4,토트넘 홋스퍼,웨스트 햄 유나이티드,아약스,,,,,,
863245410,몬타사르 탈비,CB,파이터,튀니지,오른발,3,FC 로리앙,,,,,,,,
863225193,미켈 메리노,CM,크로스 포쳐,스페인,왼발,3,아스널,레알 소시에다드,뉴캐슬 유나이티드,보루시아 도르트문트,오사수나,,,,
863264453,미키 반더벤,LB,체이서,네덜란드,왼발,3,토트넘 홋스퍼,VfL 볼프스부르크,,,,,,,
863255565,미토마 가오루,LM,라인 브레이커,일본,오른발,4,브라이턴 호브 앨비언,,,,,,,,
863247361,브렌던 에런슨,CAM,2개의 심장,미국,오른발,3,리즈 유나이티드,레드불 잘츠부르크,,,,,,,
863247851,브루누 기마랑이스,CDM,커맨더,브라질,오른발,3,뉴캐슬 유나이티드,올랭피크 리옹,,,,,,,
863222357,브릴 엠볼로,ST,크로스 포쳐,스위스,오른발,4,스타드 렌,AS 모나코,보루시아 묀헨글라트바흐,,,,,,
863238794,비니시우스,LW,스피드스터,브라질,오른발,4,레알 마드리드,,,,,,,,
863208722,사디오 마네,LW,라인 브레이커,세네갈,양발,5,바이에른 뮌헨,리버풀,사우샘프턴,레드불 잘츠부르크,FC 메스,,,,
863210897,샹셀 음벰바,CB,커맨더,콩고 민주 공화국,오른발,3,LOSC 릴,올랭피크 마르세유,FC 포르투,뉴캐슬 유나이티드,,,,,
863254980,설영우,RB,2개의 심장,대한민국,오른발,4,울산 HD FC,,,,,,,,
863198951,세드리크 바캄부,ST,라인 브레이커,콩고 민주 공화국,오른발,3,레알 베티스,갈라타사라이,올랭피크 마르세유,비야레알 CF,,,,,
863229980,세사르 몬테스,CB,와일드 태클러,멕시코,오른발,3,RCD 에스파뇰,,,,,,,,
863200104,손흥민,LW,라인 브레이커,대한민국,양발,5,토트넘 홋스퍼,바이엘 04 레버쿠젠,함부르크 SV,,,,,,
863237238,스콧 맥토미니,CM,아크로바틱 피니셔,스코틀랜드,오른발,3,SSC 나폴리,맨체스터 유나이티드,,,,,,,
863234051,아크람 아피프,LW,스피드스터,카타르,오른발,4,비야레알 CF,,,,,,,,
863074866,안드레,CDM,와일드 태클러,브라질,오른발,3,울버햄프턴 원더러스,,,,,,,,
863262863,안토니오 누사,LW,스피드스터,노르웨이,오른발,4,RB 라이프치히,,,,,,,,
863252711,알리 압디,LB,2개의 심장,튀니지,왼발,3,OGC 니스,,,,,,,,
863212831,알리송,GK,GK 빠른 반응,브라질,오른발,3,리버풀,AS 로마,,,,,,,
863234396,알폰소 데이비스,LB,체이서,캐나다,왼발,4,바이에른 뮌헨,,,,,,,,
863242179,야이아 포파나,GK,GK 빠른 반응,코트디부아르,오른발,3,앙제 SCO,,,,,,,,
863078012,얀 디오만데,LW,스피드스터,코트디부아르,오른발,4,RB 라이프치히,,,,,,,,
863235844,에드손 알바레스,CDM,파이터,멕시코,오른발,3,웨스트 햄 유나이티드,아약스,,,,,,,
863202811,에미 마르티네스,GK,GK 공중볼 장악,아르헨티나,오른발,4,애스턴 빌라,아스널,헤타페 CF,울버햄프턴 원더러스,,,,,
863236403,에반 은디카,CB,블로커,코트디부아르,왼발,3,AS 로마,아인트라흐트 프랑크푸르트,,,,,,,
863227678,에즈리 콘사,CB,체이서,잉글랜드,오른발,3,애스턴 빌라,,,,,,,,
863247090,엔소 페르난데스,CM,커맨더,아르헨티나,오른발,4,첼시,SL 벤피카,,,,,,,
863239085,엘링 홀란,ST,라인 브레이커,노르웨이,왼발,4,맨체스터 시티,보루시아 도르트문트,레드불 잘츠부르크,,,,,,
863246875,오딜롱 코수누,CB,파이터,코트디부아르,오른발,3,베르가모 칼초,바이엘 04 레버쿠젠,,,,,,,
863240359,오마르 알데레테,CB,파이터,파라과이,왼발,3,헤타페 CF,헤르타 BSC,발렌시아 CF,,,,,,
863256325,요시프 슈탈로,CB,블로커,크로아티아,오른발,3,아약스,디나모 자그레브,,,,,,,
863234824,요안 위사,LW,라인 브레이커,콩고 민주 공화국,오른발,4,뉴캐슬 유나이티드,FC 로리앙,앙제 SCO,,,,,,
863256196,윌리안 파초,CB,파이터,에콰도르,왼발,3,파리 생제르맹,아인트라흐트 프랑크푸르트,,,,,,,
863235410,유세프 엔네시리,ST,타이탄,모로코,왼발,4,세비야 FC,,,,,,,,
863243780,이강인,RW,커맨더,대한민국,왼발,3,파리 생제르맹,RCD 마요르카,발렌시아 CF,,,,,,
863216201,이냐키 윌리암스,RW,크로스 포쳐,가나,오른발,3,아틀레틱 빌바오,,,,,,,,
863260697,이사크 히엔,CB,파이터,스웨덴,오른발,3,베르가모 칼초,엘라스 베로나,,,,,,,
863076687,이스테방,RW,아크로바틱 피니셔,브라질,왼발,3,첼시,,,,,,,,
863221671,이재성,CAM,크로스 포쳐,대한민국,왼발,4,전북 현대 모터스,,,,,,,,
863236461,장-필리프 마테타,ST,크로스 포쳐,프랑스,양발,5,크리스털 팰리스,올랭피크 리옹,,,,,,,
863246420,제레미 도쿠,RW,스피드스터,벨기에,양발,5,맨체스터 시티,스타드 렌,,,,,,,
863242444,주앙 펠릭스,LW,아크로바틱 피니셔,포르투갈,오른발,4,첼시,밀라노 FC,FC 바르셀로나,SL 벤피카,,,,,
863201024,칼리두 쿨리발리,CB,커맨더,세네갈,오른발,4,첼시,SSC 나폴리,KRC 겡크,FC 메스,,,,,
863250954,크리스 리처즈,CB,블로커,미국,오른발,3,크리스털 팰리스,바이에른 뮌헨,TSG 호펜하임,,,,,,
863192123,크리스 우드,ST,크로스 포쳐,뉴질랜드,오른발,3,뉴캐슬 유나이티드,번리,리즈 유나이티드,레스터 시티,웨스트 브로미치 앨비언,브라이턴 호브 앨비언,,,
863020801,크리스티아누 호날두,ST,크로스 포쳐,포르투갈,양발,5,맨체스터 유나이티드,유벤투스,레알 마드리드,스포르팅 CP,,,,,
863232488,크리스티안 로메로,CB,블로커,아르헨티나,오른발,2,토트넘 홋스퍼,베르가모 칼초,제노아,유벤투스,,,,,
863231747,킬리안 음바페,ST,스피드스터,프랑스,오른발,4,레알 마드리드,파리 생제르맹,AS 모나코,,,,,,
863236792,토마시 소우체크,CDM,타이탄,체코,오른발,3,웨스트 햄 유나이티드,,,,,,,,
863234236,파트리크 시크,ST,크로스 포쳐,체코,왼발,3,바이엘 04 레버쿠젠,RB 라이프치히,AS 로마,삼프도리아,스파르타 프라하,,,,
863239053,페데리코 발베르데,CM,커맨더,우루과이,오른발,4,레알 마드리드,,,,,,,,
863256630,플로리안 비르츠,LW,커맨더,독일,오른발,4,리버풀,바이엘 04 레버쿠젠,,,,,,,
863198710,하메스 로드리게스,CAM,커맨더,콜롬비아,왼발,3,에버턴,레알 마드리드,바이에른 뮌헨,AS 모나코,FC 포르투,,,,
863245751,하산 톰바크티,CB,블로커,사우디아라비아,오른발,3,,,,,,,,,
863208128,하칸 찰하놀루,CDM,커맨더,튀르키예,양발,5,롬바르디아 FC,밀라노 FC,바이엘 04 레버쿠젠,함부르크 SV,,,,,
863200155,한스 바나컨,CAM,타이탄,벨기에,양발,5,,,,,,,,,
863202126,해리 케인,ST,커맨더,잉글랜드,양발,5,바이에른 뮌헨,토트넘 홋스퍼,레스터 시티,,,,,,
863226380,황희찬,LW,스피드스터,대한민국,오른발,4,울버햄프턴 원더러스,RB 라이프치히,레드불 잘츠부르크,함부르크 SV,,,,,
863246191,훌리안 알바레스,CF,라인 브레이커,아르헨티나,양발,5,맨체스터 시티,,,,,,,,
864007489,안정환,CF,크로스 포쳐,대한민국,양발,5,부산 아이파크,수원 삼성 블루윙즈,FC 메스,,,,,,
864019580,이운재,GK,GK 빠른 반응,대한민국,오른발,2,전남 드래곤즈,김천 상무,수원 삼성 블루윙즈,,,,,,
864033730,김남일,CDM,파이터,대한민국,오른발,3,전북 현대 모터스,인천 유나이티드,수원 삼성 블루윙즈,페예노르트,전남 드래곤즈,,,,
864039943,박지성,LM,2개의 심장,대한민국,양발,5,맨체스터 유나이티드,,,,,,,,
864084333,김정우,CDM,2개의 심장,대한민국,오른발,3,전북 현대 모터스,성남 FC,울산 HD FC,,,,,,
864136553,이동국,ST,아크로바틱 피니셔,대한민국,오른발,4,전북 현대 모터스,성남 FC,미들즈브러,김천 상무,베르더 브레멘,포항 스틸러스,,,
864136590,이정수,CB,블로커,대한민국,양발,5,수원 삼성 블루윙즈,인천 유나이티드,FC 서울,,,,,,
864136600,최진철,CB,파이터,대한민국,오른발,3,전북 현대 모터스,김천 상무,,,,,,,
864136705,김태영,CB,파이터,대한민국,양발,5,전남 드래곤즈,,,,,,,,
864138161,홍명보,CB,커맨더,대한민국,양발,5,LA 갤럭시,포항 스틸러스,김천 상무,,,,,,
864139443,조원희,CDM,체이서,대한민국,오른발,3,수원 FC,수원 삼성 블루윙즈,서울 이랜드,경남 FC,김천 상무,울산 HD FC,,,
864140053,유상철,CM,파이터,대한민국,양발,5,울산 HD FC,,,,,,,,
864140057,차두리,RB,스피드스터,대한민국,오른발,3,FC 서울,셀틱,SC 프라이부르크,아인트라흐트 프랑크푸르트,바이엘 04 레버쿠젠,아르미니아 빌레펠트,,,
864176403,이근호,ST,라인 브레이커,대한민국,오른발,4,대구 FC,울산 HD FC,강원 FC,제주 SK FC,전북 현대 모터스,김천 상무,인천 유나이티드,,
