시간,경기결과,총유효슛,총골수
2026-04-15 03:35,0,0,0
2026-04-15 03:20,0,0,0
2026-04-15 00:47,0,0,0
2026-04-15 00:28,0,0,0
2026-04-15 00:10,0,0,0
2026-04-14 23:53,0,0,0
2026-04-14 23:39,0,0,0
2026-04-14 23:26,0,0,0
2026-04-14 22:44,승,0,0
2026-04-14 22:31,0,0,0
2026-04-14 22:12,0,0,0
2026-04-14 21:59,0,0,0
2026-04-14 21:38,0,0,0
2026-04-14 21:21,0,0,0
2026-04-14 21:06,0,0,0
2026-04-14 20:49,0,0,0
2026-04-14 20:38,0,0,0
2026-04-14 16:02,0,0,0
2026-04-14 15:50,0,0,0
2026-04-14 15:38,0,0,0
2026-04-14 15:26,0,0,0
2026-04-14 15:13,무,0,0
2026-04-14 03:21,0,0,0
2026-04-14 03:09,0,0,0
2026-04-14 02:57,0,0,0
2026-04-14 02:44,0,0,0
2026-04-14 02:32,0,0,0
2026-04-14 02:20,승,0,0
2026-04-13 03:41,0,0,0
2026-04-13 03:23,0,0,0
2026-04-13 03:07,0,0,0
2026-04-13 02:55,0,0,0
2026-04-12 03:17,0,0,0
2026-04-12 03:05,0,0,0
2026-04-12 02:54,0,0,0
2026-04-12 02:42,0,0,0
2026-04-12 02:30,0,0,0
2026-04-12 02:13,승,0,0
2026-04-12 02:10,0,0,0
2026-04-12 01:58,0,0,0
2026-04-11 23:26,0,0,0
2026-04-11 23:13,0,0,0
2026-04-11 23:02,0,0,0
2026-04-11 22:49,0,0,0
2026-04-11 22:37,0,0,0
2026-04-11 22:25,0,0,0
2026-04-11 22:13,0,0,0
2026-04-11 21:56,0,0,0
2026-04-11 21:45,0,0,0
2026-04-11 21:30,0,0,0
2026-04-11 21:12,0,0,0
2026-04-11 20:59,0,0,0
2026-04-11 20:47,승,0,0
2026-04-11 20:44,0,0,0
2026-04-11 20:33,승,0,0
2026-04-11 20:27,0,0,0
2026-04-11 20:15,0,0,0
2026-04-11 20:03,0,0,0
2026-04-11 19:50,0,0,0
2026-04-11 19:39,0,0,0
2026-04-11 17:06,0,0,0
2026-04-11 16:55,0,0,0
2026-04-11 16:44,0,0,0
2026-04-11 16:31,0,0,0
2026-04-10 20:15,0,0,0
2026-04-10 20:03,0,0,0
2026-04-10 19:52,0,0,0
2026-04-10 19:40,0,0,0
2026-04-10 19:29,0,0,0
2026-04-10 17:00,무,0,0
2026-04-10 16:48,0,0,0
2026-04-10 16:36,0,0,0
2026-04-10 16:23,승,0,0
2026-04-10 16:13,0,0,0
2026-04-10 16:00,0,0,0
2026-04-10 15:47,승,0,0
2026-04-10 15:37,0,0,0
2026-04-10 15:27,0,0,0
2026-04-10 14:04,0,0,0
2026-04-10 13:49,0,0,0
2026-04-10 13:36,0,0,0
2026-04-10 13:17,0,0,0
2026-04-09 14:56,무,0,0
2026-04-09 14:52,0,0,0
2026-04-09 14:39,0,0,0
2026-04-09 14:27,0,0,0
2026-04-09 14:10,0,0,0
2026-04-09 13:58,0,0,0
2026-04-09 13:47,0,0,0
2026-04-07 21:44,무,0,0
2026-04-07 21:39,0,0,0
2026-04-07 21:25,0,0,0
2026-04-07 21:13,0,0,0
2026-04-07 20:56,0,0,0
2026-04-07 20:41,0,0,0
2026-04-07 20:23,0,0,0
2026-04-07 20:12,0,0,0
2026-04-07 19:57,승,0,0
2026-04-07 19:52,0,0,0
2026-04-07 19:34,승,0,0
2026-04-07 19:27,0,0,0
2026-04-07 18:54,0,0,0
2026-04-07 18:41,0,0,0
2026-04-07 18:28,무,0,0
2026-04-07 18:18,0,0,0
2026-04-07 18:04,0,0,0
2026-04-07 17:54,0,0,0
2026-04-07 17:41,승,0,0
2026-04-07 17:33,0,0,0
2026-04-07 17:21,0,0,0
2026-04-07 05:27,0,0,0
2026-04-07 05:15,승,0,0
2026-04-07 05:03,0,0,0
2026-04-07 04:50,0,0,0
2026-04-07 04:32,0,0,0
2026-04-07 04:17,0,0,0
2026-04-07 04:06,0,0,0
2026-04-07 03:47,0,0,0
2026-04-07 03:34,0,0,0
2026-04-07 03:07,0,0,0
2026-04-07 02:49,0,0,0
2026-04-07 02:34,0,0,0
2026-04-05 04:20,0,0,0
2026-04-04 15:48,0,0,0
2026-04-04 07:25,0,0,0
2026-04-04 07:13,0,0,0
2026-04-04 07:01,0,0,0
2026-04-04 06:49,승,0,0
2026-04-04 06:38,승,0,0
2026-04-03 19:50,승,0,0
2026-04-03 19:38,0,0,0
2026-04-03 19:22,0,0,0
2026-04-03 19:06,승,0,0
2026-04-03 18:54,0,0,0
2026-04-03 18:38,0,0,0
2026-04-03 18:02,승,0,0
2026-04-03 16:20,0,0,0
2026-04-02 19:15,0,0,0
2026-04-02 19:04,0,0,0
2026-04-02 18:51,0,0,0
2026-04-02 18:39,0,0,0
2026-04-02 18:27,0,0,0
2026-04-02 18:15,0,0,0
2026-04-02 18:03,0,0,0
2026-04-02 17:46,승,0,0
2026-04-02 17:34,0,0,0
2026-04-02 17:22,0,0,0
2026-03-30 22:33,0,0,0
2026-03-30 20:22,승,0,0
2026-03-30 20:11,0,0,0
2026-03-30 19:59,0,0,0
2026-03-30 19:46,승,0,0
2026-03-30 19:41,0,0,0
2026-03-30 19:28,0,0,0
2026-03-30 19:11,승,0,0
2026-03-30 19:04,0,0,0
2026-03-30 18:52,0,0,0
2026-03-30 18:39,0,0,0
2026-03-29 18:44,0,0,0
2026-03-29 18:32,0,0,0
2026-03-29 18:19,0,0,0
2026-03-29 18:02,0,0,0
2026-03-29 17:46,0,0,0
2026-03-29 17:35,0,0,0
2026-03-26 22:05,0,0,0
2026-03-26 21:53,0,0,0
2026-03-26 21:40,0,0,0
2026-03-26 21:29,0,0,0
2026-03-26 21:17,0,0,0
2026-03-26 21:06,0,0,0
2026-03-26 20:54,0,0,0
2026-03-26 20:42,0,0,0
2026-03-26 20:31,0,0,0
2026-03-26 20:19,0,0,0
2026-03-26 20:07,0,0,0
2026-03-26 19:56,0,0,0
2026-03-26 19:44,승,0,0
2026-03-26 19:32,0,0,0
2026-03-26 19:20,0,0,0
2026-03-26 19:07,0,0,0
2026-03-26 18:55,0,0,0
2026-03-26 18:44,승,0,0
2026-03-26 18:34,0,0,0
2026-03-26 18:21,승,0,0
2026-03-26 18:12,0,0,0
2026-03-26 16:05,무,0,0
2026-03-26 15:59,무,0,0
2026-03-26 15:48,0,0,0
2026-03-26 15:06,0,0,0
2026-03-26 08:08,0,0,0
2026-03-26 07:57,0,0,0
2026-03-26 07:46,0,0,0
2026-03-26 07:35,승,0,0
2026-03-26 07:26,0,0,0
2026-03-26 07:15,0,0,0
2026-03-26 07:04,0,0,0
2026-03-23 15:17,0,0,0
2026-03-23 15:06,0,0,0
2026-03-23 14:54,0,0,0
2026-03-23 14:43,0,0,0
2026-03-23 14:31,0,0,0
2026-03-23 14:20,0,0,0
2026-03-23 08:23,0,0,0
2026-03-23 08:09,0,0,0
2026-03-23 07:58,0,0,0
2026-03-23 07:36,승,0,0
2026-03-23 07:28,0,0,0
2026-03-23 07:16,0,0,0
2026-03-23 07:06,0,0,0
2026-03-23 06:55,0,0,0
2026-03-22 20:04,0,0,0
2026-03-22 19:19,0,0,0
2026-03-22 19:06,0,0,0
2026-03-22 18:54,0,0,0
2026-03-22 13:45,무,0,0
2026-03-22 13:24,승,0,0
2026-03-22 13:15,0,0,0
2026-03-21 10:25,무,0,0
2026-03-21 06:35,0,0,0
2026-03-21 06:19,0,0,0
2026-03-21 05:42,승,0,0
2026-03-21 05:28,0,0,0
2026-03-20 18:58,0,0,0
2026-03-20 18:42,0,0,0
2026-03-20 18:28,0,0,0
2026-03-20 18:16,0,0,0
2026-03-20 18:05,0,0,0
2026-03-20 17:54,승,0,0
2026-03-20 17:44,0,0,0
2026-03-20 17:33,0,0,0
2026-03-20 17:21,0,0,0
2026-03-20 17:08,0,0,0
2026-03-20 16:55,0,0,0
2026-03-20 16:39,승,0,0
2026-03-20 16:31,0,0,0
2026-03-20 16:19,0,0,0
2026-03-20 16:08,0,0,0
2026-03-20 15:57,0,0,0
2026-03-20 15:46,0,0,0
2026-03-20 15:34,0,0,0
2026-03-20 09:53,무,0,0
2026-03-20 09:45,무,0,0
2026-03-20 00:25,0,0,0
2026-03-20 00:12,0,0,0
2026-03-20 00:00,0,0,0
2026-03-19 23:48,0,0,0
2026-03-19 23:36,0,0,0
2026-03-19 14:41,0,0,0
2026-03-19 10:48,승,0,0
2026-03-19 10:40,0,0,0
2026-03-19 10:29,0,0,0
2026-03-17 14:42,무,0,0
2026-03-17 14:30,승,0,0
2026-03-16 15:01,0,0,0
2026-03-16 14:31,0,0,0
2026-03-16 14:19,0,0,0
2026-03-16 13:51,0,0,0
2026-03-16 13:36,0,0,0
2026-03-16 11:36,0,0,0
2026-03-16 11:25,0,0,0
2026-03-16 11:14,0,0,0
2026-03-16 04:39,무,0,0
2026-03-16 01:06,0,0,0
2026-03-15 17:22,0,0,0
2026-03-15 17:11,0,0,0
