PlayerNameID,시즌,이름
503215316,19 PLS,헤로니모 룰리
815189296,EU24,에트리트 베리샤
297233164,MCFC,A. 무리치
503222546,19 PLS,레오폴트 칭에를레
323201325,23 LIVE,C. 터터루샤누
300210941,25 LIVE,이창근
260234102,21 UCL,I. 라두
284183567,RTN,에르빈 뮐더르
810228383,23 UCL,카밀 그라바라
844215316,25 TOTS,헤로니모 룰리
216163155,HOT,벤 포스터
515262621,24 PL,G. 마마르다슈빌리
300227477,25 LIVE,F. 알타미라노
322230168,22 LIVE,에메우빈송
278192119,23 TOTY,티보 쿠르투아
300242818,25 LIVE,핀 다멘
508163155,21 PL,벤 포스터
513262621,23 PL,G. 마마르다슈빌리
320192613,20 LIVE,C. 판틸리몬
233150724,MOG,조 하트
511177683,22 PL,얀 조머
300235018,25 LIVE,M. 니콜라스
300210772,25 LIVE,P. 드레베스
241210257,21 TOTY-N,에데르송
206163705,TB,스테브 망당다
511209960,22 PL,파체코
216000805,HOT,옌스 레만
323140293,23 LIVE,안토니오 미란테
264158121,FA,브누아 코스틸
512221759,23KLeague,김경민
516199259,25KLeague,김다솔
515243952,24 PL,안드리 루닌
206172553,TB,요나스 뢰슬
239210941,20KB,이창근
515269626,24 PL,Đ. 페트로비치
323150724,23 LIVE,조 하트
300234577,25 LIVE,디오구 코스타
856252552,25 UCL,K. 졸라키스
324220932,24 LIVE,로브레 칼리니치
848048940,WS,페트르 체흐
511192563,22 PL,베른트 레노
511200110,22 PL,마르코 비조트
513192563,23 PL,베른트 레노
300263139,25 LIVE,D. 그레이프
221157804,19 UCL,스콧 카슨
221200389,19 UCL,얀 오블라크
300241643,25 LIVE,빅토르 요한손
300202873,25 LIVE,케빈 뮐러
513212831,23 PL,알리송
234163587,LH,카스퍼 슈마이켈
273212831,WC22,알리송
324256699,24 LIVE,S. 오시궤
300199833,25 LIVE,라르스 운네스탈
300071383,25 LIVE,H. 뢸레케
511162835,22 PL,사미르 한다노비치
300254502,25 LIVE,S. 투라티
511223952,22 PL,다비드 소리아
510221912,22KLeague,강현무
511214979,22 PL,후안 무소
324264676,24 LIVE,E. 오구라
300199482,25 LIVE,안토니 로페스
241212831,21 TOTY-N,알리송
321163155,21 LIVE,벤 포스터
273234577,WC22,디오구 코스타
846190053,DCB,페터 슈마이켈
503193080,19 PLS,데헤아
230192448,20 TOTS,M. 테어슈테겐
300238604,25 LIVE,다니엘
506223952,20 PLA,다비드 소리아
815215698,EU24,마이크 메냥
513211738,23 PL,마르크 플레컨
260198009,21 UCL,마티아 페린
508190745,21 PL,M. 실베스트리
300238570,25 LIVE,송범근
502140293,19 PLA,안토니오 미란테
300250753,25 LIVE,A. 트루빈
300207935,25 LIVE,M. 티투로
501179783,18 PLS,랄프 페어만
300263339,25 LIVE,C. 러시워스
300223550,25 LIVE,요나스 오믈린
508227127,21 PL,알렉스 레미로
300186680,25 LIVE,R. 페르난데스
225212915,TKL,윤평국
515251752,24 PL,뤼카 슈발리에
502223952,19 PLA,다비드 소리아
250192119,21 TOTS,티보 쿠르투아
300244656,25 LIVE,Y. 다카오카
100238380,ICON TM,레프 야신
215192448,19 TOTS,M. 테어슈테겐
242234577,20 UCL,디오구 코스타
300210385,25 LIVE,후이 실바
815204935,EU24,조던 픽포드
506167948,20 PLA,위고 요리스
257203004,21KB,양한빈
239238570,20KB,송범근
300191628,25 LIVE,레안드로 치치솔라
508204935,21 PL,조던 픽포드
201193041,NHD,케일러 나바스
273202811,WC22,에미 마르티네스
221199987,19 UCL,야스퍼르 실러선
517262956,25 PL,N. 바실리
293191655,22 KFA,김승규
217198962,COC,라이스 음볼리
280226753,22 UCL,앙드레 오나나
300229956,25 LIVE,L. 아티-지기
503167495,19 PLS,마누엘 노이어
508224987,21 PL,이반 프로베델
206199005,TB,매튜 라이언
324163705,24 LIVE,스테브 망당다
300224041,25 LIVE,마르빈 슈뵈베
221193041,19 UCL,케일러 나바스
511228413,22 PL,에밀 아우데로
511230869,22 PL,우나이 시몬
300146296,25 LIVE,안드레스 페르난데스
324237580,24 LIVE,다니엘 슈미트
242177683,20 UCL,얀 조머
300245359,25 LIVE,C. 모레노
300240987,25 LIVE,마이클 쿠퍼
300255981,25 LIVE,Z. 스즈키
300189296,25 LIVE,에트리트 베리샤
238244316,20NG,루이스 막시미아누
300244316,25 LIVE,루이스 막시미아누
511211348,22 PL,S. 디미트리예프스키
324252200,24 LIVE,디오구 소자
225221700,TKL,노동건
100048940,ICON TM,페트르 체흐
502203841,19 PLA,닉 포프
840163705,LE,스테브 망당다
300235413,25 LIVE,R. 마이에츠키
300220624,25 LIVE,L. 아코스타
260178086,21 UCL,아단
517201269,25 PL,F. 뢴노우
300219522,25 LIVE,코난 레데스마
805210941,23KB,이창근
300193314,25 LIVE,아이토르
515209981,24 PL,야신 부누
856258239,25 UCL,M. 코할스키
506192448,20 PLA,M. 테어슈테겐
502233306,19 PLA,딘 헨더슨
284150477,RTN,로망 살랑
261191694,22HR,호르헤 캄포스
844224251,25 TOTS,로빈 첸트너
206182494,TB,페르난도 무슬레라
300235574,25 LIVE,루카스 프란사
300228562,25 LIVE,라파엘 잘링거
201139668,NHD,페데리코 마르케티
256169181,BTB,케너트 베르메이르
300232654,25 LIVE,루이스 말라곤
502223885,19 PLA,알렉산더 뉘벨
225228130,TKL,오승훈
280185122,22 UCL,페테르 굴라치
500193080,18 PLA,데헤아
300199005,25 LIVE,매튜 라이언
515192984,24 PL,쿤 카스테일스
101000805,ICON,옌스 레만
515185122,24 PL,페테르 굴라치
287192448,23 TOTS,M. 테어슈테겐
221206652,19 UCL,세르히오 리코
300211348,25 LIVE,S. 디미트리예프스키
820190569,24 TOTS,스테판 프레이
230212831,20 TOTS,알리송
844192119,25 TOTS,티보 쿠르투아
225213001,TKL,박주원
300209987,25 LIVE,마르셀 슈헨
300236033,25 LIVE,다니 카르데나스
808186153,24 TOTY-N,보이치에흐 슈체스니
511202811,22 PL,에미 마르티네스
300210832,25 LIVE,M. 브란데르호르스트
503186153,19 PLS,보이치에흐 슈체스니
513233934,23 PL,에런 램즈데일
260237704,21 UCL,주앙 비르지니아
511223550,22 PL,요나스 오믈린
221201325,19 UCL,C. 터터루샤누
508242656,21 PL,I. 메슬리에
239212432,20KB,조현우
201173373,NHD,세르히오 로메로
267192119,22 TOTS,티보 쿠르투아
503223885,19 PLS,알렉산더 뉘벨
300265526,25 LIVE,G. 레스테
516212432,25KLeague,조현우
300246158,25 LIVE,마스 헤르만센
300248478,25 LIVE,디안트 라마이
101000001,ICON,데이비드 시먼
511193698,22 PL,올리버 바우만
242211515,20 UCL,P. 골리니
815221610,EU24,디부스 데네시
501186153,18 PLS,보이치에흐 슈체스니
508211515,21 PL,P. 골리니
206177723,TB,파브리시오
503185122,19 PLS,페테르 굴라치
259215698,22 TOTY-N,마이크 메냥
300246267,25 LIVE,D. 코타르스키
508190243,21 PL,마르빈 히츠
300204246,25 LIVE,M. 베티넬리
820186153,24 TOTS,보이치에흐 슈체스니
259210257,22 TOTY-N,에데르송
216215223,HOT,왈테르 베니테스
280234577,22 UCL,디오구 코스타
300256726,25 LIVE,M. 켈러
260189342,21 UCL,카를로 핀솔리오
321204966,21 LIVE,아드리안 오르톨라
508221087,21 PL,파우 로페스
511211515,22 PL,P. 골리니
300227529,25 LIVE,매튜 허드슨
230241727,20 TOTS,P. 라이코비치
300246657,25 LIVE,알바로 바예스
502167495,19 PLA,마누엘 노이어
844185122,25 TOTS,페테르 굴라치
300235629,25 LIVE,O. 더 볼프
300258328,25 LIVE,케윈
300251292,25 LIVE,F. 카슈텐마이어
289140233,CC,기예르모 오초아
506223550,20 PLA,요나스 오믈린
508205659,21 PL,알레시오 크라뇨
511242656,22 PL,I. 메슬리에
273199005,WC22,매튜 라이언
324193041,24 LIVE,케일러 나바스
815178005,EU24,후이 파트리시우
217214584,COC,프랑코 아르마니
508192563,21 PL,베른트 레노
502192448,19 PLA,M. 테어슈테겐
242234777,20 UCL,잭 스테픈
225136686,TKL,김영광
506193698,20 PLA,올리버 바우만
506186153,20 PLA,보이치에흐 슈체스니
225203004,TKL,양한빈
508202811,21 PL,에미 마르티네스
234000805,LH,옌스 레만
511210257,22 PL,에데르송
510234748,22KLeague,구성윤
503203841,19 PLS,닉 포프
511231691,22 PL,알반 라퐁
300273047,25 LIVE,A. 융달
287219522,23 TOTS,코난 레데스마
300172553,25 LIVE,요나스 뢰슬
503215698,19 PLS,마이크 메냥
287211990,23 TOTS,O. 블라호디모스
217234777,COC,잭 스테픈
300210676,25 LIVE,W. 팔코네
262242656,21NG,I. 메슬리에
501024630,18 PLS,페페 레이나
508193080,21 PL,데헤아
856222389,25 UCL,니키타 하이킨
300263673,25 LIVE,앤드루
225222600,TKL,이태희
501173373,18 PLS,세르히오 로메로
256190053,BTB,페터 슈마이켈
508193105,21 PL,알퐁스 아레올라
501193105,18 PLS,알퐁스 아레올라
511193080,22 PL,데헤아
501193080,18 PLS,데헤아
234104389,LH,R. 야르스테인
502162835,19 PLA,사미르 한다노비치
300238503,25 LIVE,L. 바인카우프
508223898,21 PL,폴 베르나르도니
502193041,19 PLA,케일러 나바스
300262659,25 LIVE,N. 아투볼루
230186153,20 TOTS,보이치에흐 슈체스니
508167948,21 PL,위고 요리스
201000488,NHD,올리버 칸
273177683,WC22,얀 조머
215199833,19 TOTS,라르스 운네스탈
321203775,21 LIVE,로리스 카리우스
856222263,25 UCL,노르딘 야커스
273167948,WC22,위고 요리스
506192563,20 PLA,베른트 레노
318048940,18 LIVE,페트르 체흐
320167628,20 LIVE,스테판 뤼피에
319252477,19 LIVE,J. 올루와예미
506198009,20 PLA,마티아 페린
273193041,WC22,케일러 나바스
815206585,EU24,케파
294255919,21 KFA,안찬기
221246139,19 UCL,이냐키 페냐
300200316,25 LIVE,티모 호른
508201976,21 PL,알프레드 고미스
242234642,20 UCL,에두아르 멘디
506177683,20 PLA,얀 조머
508212442,21 PL,주제 사
321240311,21 LIVE,루카 지단
300077744,25 LIVE,조지 에번스
221174543,19 UCL,클라우디오 브라보
513188943,23 PL,케빈 트라프
300244810,25 LIVE,토비아스 라왈
300215251,25 LIVE,기도 에레라
300199909,25 LIVE,파바오 페르반
300234748,25 LIVE,구성윤
515202811,24 PL,에미 마르티네스
